Date,Baton,Gun,Hands,K9,OC,Taser,Sage,Suspect Injured,Officer Injured,Day,Month,Year
2005-01-02,0,0,0,0,0,1,0,1,0,2,1,2005
2005-01-10,0,1,0,0,0,0,0,0,0,10,1,2005
2005-01-16,0,0,1,0,0,0,0,0,0,16,1,2005
2005-01-17,0,0,0,0,0,1,0,1,0,17,1,2005
2005-01-19,0,0,1,0,0,1,0,1,0,19,1,2005
2005-01-21,0,0,1,0,0,0,0,1,0,21,1,2005
2005-01-21,0,0,1,0,0,0,0,0,0,21,1,2005
2005-01-21,0,0,0,0,0,1,0,0,0,21,1,2005
2005-01-24,1,0,1,1,0,1,0,1,1,24,1,2005
2005-01-26,0,0,1,0,0,1,0,1,0,26,1,2005
2005-01-28,0,0,0,0,0,1,0,0,0,28,1,2005
2005-01-29,0,0,1,0,0,1,0,1,0,29,1,2005
2005-01-30,0,0,0,0,1,0,0,0,0,30,1,2005
2005-02-03,0,0,1,0,0,0,0,0,0,3,2,2005
2005-02-03,0,0,1,0,0,0,0,0,0,3,2,2005
2005-02-04,0,0,1,0,0,1,0,1,0,4,2,2005
2005-02-04,0,0,1,0,1,0,0,0,0,4,2,2005
2005-02-05,1,0,1,0,1,1,0,1,0,5,2,2005
2005-02-05,0,0,1,0,0,0,0,0,0,5,2,2005
2005-02-05,0,0,1,0,0,0,0,0,0,5,2,2005
2005-02-08,0,0,1,0,0,0,0,0,0,8,2,2005
2005-02-09,0,0,1,1,0,1,1,1,1,9,2,2005
2005-02-09,1,0,1,0,0,1,0,1,0,9,2,2005
2005-02-13,0,0,1,0,0,0,0,0,0,13,2,2005
2005-02-13,0,0,1,0,0,0,0,0,0,13,2,2005
2005-02-15,0,0,1,0,0,0,0,0,0,15,2,2005
2005-02-19,0,0,1,0,0,0,0,1,0,19,2,2005
2005-02-21,0,0,1,0,0,0,0,0,0,21,2,2005
2005-02-26,0,0,1,0,0,0,0,0,0,26,2,2005
2005-02-26,0,0,1,0,0,0,0,0,0,26,2,2005
2005-03-02,0,0,0,0,0,1,0,0,0,2,3,2005
2005-03-03,0,0,0,0,0,1,0,0,1,3,3,2005
2005-03-03,1,0,1,0,0,0,0,0,0,3,3,2005
2005-03-05,0,0,0,0,0,1,0,1,0,5,3,2005
2005-03-05,0,0,1,0,0,0,0,0,0,5,3,2005
2005-03-07,0,0,0,0,0,1,0,1,0,7,3,2005
2005-03-07,0,0,0,0,0,1,0,0,0,7,3,2005
2005-03-08,1,0,1,0,0,1,0,1,1,8,3,2005
2005-03-08,0,0,1,0,0,0,0,0,0,8,3,2005
2005-03-11,0,0,1,0,0,1,0,1,0,11,3,2005
2005-03-12,0,0,1,0,0,0,0,1,1,12,3,2005
2005-03-12,0,0,1,0,0,0,0,0,0,12,3,2005
2005-03-12,0,0,1,0,0,0,0,0,0,12,3,2005
2005-03-12,0,0,1,0,0,1,0,1,0,12,3,2005
2005-03-13,0,0,1,0,0,0,0,0,0,13,3,2005
2005-03-16,0,0,1,0,0,0,0,0,0,16,3,2005
2005-03-17,0,0,0,0,0,0,0,0,0,17,3,2005
2005-03-18,0,0,1,0,0,1,0,0,0,18,3,2005
2005-03-27,0,0,1,0,0,0,0,1,0,27,3,2005
2005-03-29,0,0,1,0,0,1,0,1,0,29,3,2005
2005-03-31,1,0,1,0,1,0,0,1,0,31,3,2005
2005-03-31,0,0,0,0,0,1,0,0,0,31,3,2005
2005-04-01,1,0,1,0,0,1,0,1,0,1,4,2005
2005-04-01,0,0,1,0,0,1,0,1,0,1,4,2005
2005-04-02,0,0,1,0,0,0,0,0,0,2,4,2005
2005-04-03,0,0,1,0,0,0,0,0,0,3,4,2005
2005-04-06,0,0,1,0,0,0,0,0,0,6,4,2005
2005-04-07,0,0,1,0,0,1,0,1,0,7,4,2005
2005-04-07,1,0,1,0,0,0,0,1,0,7,4,2005
2005-04-07,0,0,1,0,0,0,0,0,0,7,4,2005
2005-04-09,0,0,1,0,0,0,0,1,0,9,4,2005
2005-04-12,0,0,1,0,0,0,0,0,0,12,4,2005
2005-04-13,0,0,1,0,0,0,0,0,0,13,4,2005
2005-04-13,0,0,0,0,0,0,0,0,0,13,4,2005
2005-04-14,0,0,0,0,0,0,0,0,0,14,4,2005
2005-04-15,0,0,0,0,0,0,0,0,0,15,4,2005
2005-04-17,0,0,1,0,0,0,0,0,0,17,4,2005
2005-04-17,0,0,1,0,0,0,0,0,0,17,4,2005
2005-04-17,0,0,1,0,0,0,1,0,0,17,4,2005
2005-04-21,0,0,1,0,0,0,0,0,0,21,4,2005
2005-04-23,0,1,0,0,0,0,0,0,0,23,4,2005
2005-04-24,0,0,1,0,0,1,0,1,0,24,4,2005
2005-04-29,0,0,1,0,0,0,0,0,0,29,4,2005
2005-04-29,0,0,1,0,0,0,0,0,0,29,4,2005
2005-05-01,0,0,1,0,0,0,0,0,0,1,5,2005
2005-05-03,0,0,1,0,0,0,0,0,0,3,5,2005
2005-05-04,0,0,0,0,0,1,0,1,0,4,5,2005
2005-05-07,0,0,1,0,0,0,0,1,0,7,5,2005
2005-05-14,0,0,0,0,1,0,0,1,0,14,5,2005
2005-05-18,0,0,1,0,0,0,0,0,0,18,5,2005
2005-05-23,0,0,0,0,0,0,1,1,0,23,5,2005
2005-05-27,0,0,1,0,0,0,0,0,0,27,5,2005
2005-05-30,0,0,0,1,0,0,0,1,0,30,5,2005
2005-06-01,0,0,0,0,0,1,0,1,0,1,6,2005
2005-06-02,0,0,1,0,0,1,0,1,0,2,6,2005
2005-06-06,0,0,1,0,0,1,0,1,0,6,6,2005
2005-06-10,0,0,1,0,0,0,0,0,0,10,6,2005
2005-06-14,0,0,1,0,0,0,0,0,0,14,6,2005
2005-06-18,0,0,1,0,0,1,0,1,0,18,6,2005
2005-06-18,1,0,1,0,0,0,0,0,0,18,6,2005
2005-06-19,0,0,1,0,0,1,0,1,1,19,6,2005
2005-06-26,0,0,1,0,0,0,0,1,1,26,6,2005
2005-06-30,0,0,1,0,0,0,0,0,0,30,6,2005
2005-07-02,0,0,1,0,0,0,0,0,0,2,7,2005
2005-07-02,1,0,1,0,0,1,0,1,0,2,7,2005
2005-07-03,0,0,1,0,0,0,0,0,1,3,7,2005
2005-07-03,0,0,1,0,0,0,0,0,0,3,7,2005
2005-07-04,0,0,1,0,0,0,0,0,0,4,7,2005
2005-07-04,0,0,0,0,0,1,0,1,0,4,7,2005
2005-07-08,0,0,1,0,0,1,0,1,0,8,7,2005
2005-07-10,0,0,1,0,0,1,0,1,0,10,7,2005
2005-07-14,0,0,1,0,0,1,0,1,0,14,7,2005
2005-07-16,0,0,1,0,0,0,0,0,0,16,7,2005
2005-07-16,0,0,0,0,0,1,0,1,0,16,7,2005
2005-07-18,0,0,1,0,0,0,0,0,0,18,7,2005
2005-07-19,0,0,1,0,0,1,0,1,0,19,7,2005
2005-07-20,1,0,0,0,0,1,0,1,0,20,7,2005
2005-07-22,0,0,1,0,0,1,0,1,0,22,7,2005
2005-07-25,0,0,1,0,0,0,0,0,0,25,7,2005
2005-07-27,0,0,1,1,0,0,0,1,0,27,7,2005
2005-07-28,0,0,1,0,0,0,0,0,0,28,7,2005
2005-07-31,0,0,1,0,0,1,0,1,0,31,7,2005
2005-07-31,1,0,0,0,0,0,0,1,0,31,7,2005
2005-08-06,0,0,1,1,0,1,0,1,1,6,8,2005
2005-08-13,1,0,1,0,0,1,0,1,1,13,8,2005
2005-08-16,1,0,1,0,0,1,0,1,0,16,8,2005
2005-08-19,0,0,0,0,0,1,0,1,1,19,8,2005
2005-08-20,0,0,1,0,0,0,0,0,0,20,8,2005
2005-08-21,0,0,1,0,0,1,0,0,0,21,8,2005
2005-08-23,0,0,1,0,0,0,0,0,1,23,8,2005
2005-08-23,0,0,0,0,0,1,0,1,0,23,8,2005
2005-08-26,0,0,0,0,0,1,0,0,0,26,8,2005
2005-09-02,0,0,0,0,0,0,0,0,0,2,9,2005
2005-09-03,0,0,1,0,0,0,0,0,1,3,9,2005
2005-09-03,0,0,1,0,0,0,0,0,1,3,9,2005
2005-09-03,0,0,1,0,0,0,0,0,0,3,9,2005
2005-09-04,0,0,0,0,0,1,0,1,1,4,9,2005
2005-09-12,0,0,0,0,0,1,0,1,0,12,9,2005
2005-09-14,0,0,1,0,0,0,0,0,0,14,9,2005
2005-09-14,0,0,1,0,0,0,0,1,0,14,9,2005
2005-09-15,0,0,1,0,0,0,0,0,1,15,9,2005
2005-09-17,0,0,1,0,0,0,0,0,0,17,9,2005
2005-09-20,0,0,1,0,0,0,0,1,0,20,9,2005
2005-09-20,0,0,1,0,0,0,0,0,0,20,9,2005
2005-09-24,0,0,0,0,0,1,0,1,0,24,9,2005
2005-09-24,0,0,1,0,0,0,0,0,0,24,9,2005
2005-09-28,0,0,1,0,1,0,0,0,0,28,9,2005
2005-10-01,0,0,1,0,0,0,0,0,0,1,10,2005
2005-10-01,0,0,0,0,0,1,0,0,0,1,10,2005
2005-10-05,0,0,1,0,0,0,0,0,0,5,10,2005
2005-10-05,0,0,1,0,1,0,0,0,0,5,10,2005
2005-10-06,0,0,1,0,0,0,0,0,0,6,10,2005
2005-10-06,0,0,1,0,0,1,0,1,0,6,10,2005
2005-10-10,0,0,1,0,0,0,0,0,0,10,10,2005
2005-10-13,0,0,0,0,0,1,0,1,0,13,10,2005
2005-10-17,0,0,1,0,0,0,0,0,0,17,10,2005
2005-10-19,0,0,0,0,0,1,0,0,0,19,10,2005
2005-10-21,0,0,1,0,0,0,0,0,0,21,10,2005
2005-10-23,0,0,1,0,0,1,0,1,1,23,10,2005
2005-10-26,0,0,1,0,0,1,0,1,0,26,10,2005
2005-10-27,0,0,0,0,0,0,1,1,0,27,10,2005
2005-10-28,0,0,1,n,0,0,0,1,0,28,10,2005
2005-10-30,0,0,1,0,0,0,0,0,1,30,10,2005
2005-10-31,0,0,1,0,0,0,1,0,1,31,10,2005
2005-10-31,0,0,1,1,0,1,0,1,0,31,10,2005
2005-11-01,0,0,1,0,0,1,1,1,0,1,11,2005
2005-11-01,0,0,1,0,0,0,0,0,0,1,11,2005
2005-11-06,0,0,0,0,0,1,0,0,0,6,11,2005
2005-11-09,0,0,0,0,0,1,0,1,0,9,11,2005
2005-11-11,1,0,1,0,0,1,0,1,0,11,11,2005
2005-11-16,0,0,1,1,0,0,0,1,1,16,11,2005
2005-11-16,0,0,1,0,0,0,0,0,0,16,11,2005
2005-11-20,0,0,0,0,0,1,0,0,0,20,11,2005
2005-11-28,0,0,1,0,0,1,0,1,0,28,11,2005
2005-11-28,0,0,1,0,0,0,0,0,1,28,11,2005
2005-12-03,0,0,1,0,0,0,0,0,1,3,12,2005
2005-12-04,0,0,1,0,0,0,0,0,1,4,12,2005
2005-12-07,0,0,1,0,0,0,0,0,1,7,12,2005
2005-12-08,0,0,1,0,1,0,0,1,0,8,12,2005
2005-12-11,0,0,1,0,0,0,0,0,0,11,12,2005
2005-12-14,1,0,0,0,0,1,0,0,1,14,12,2005
2005-12-17,0,0,0,0,0,0,0,0,0,17,12,2005
2005-12-17,0,0,1,0,0,1,0,0,0,17,12,2005
2005-12-19,0,0,1,0,0,0,0,0,0,19,12,2005
2005-12-23,0,0,1,0,0,0,0,1,0,23,12,2005
2005-12-25,0,0,1,0,0,1,0,1,0,25,12,2005
2005-12-27,0,0,1,0,0,1,0,1,0,27,12,2005
2005-12-29,0,0,0,0,1,0,0,0,0,29,12,2005
2005-12-31,0,0,1,0,0,0,0,1,0,31,12,2005
2005-12-31,0,0,1,0,0,1,0,1,0,31,12,2005
2006-01-01,0,0,1,0,0,0,0,0,0,1,1,2006
2006-01-02,0,0,0,0,0,1,0,0,0,2,1,2006
2006-01-05,0,0,1,0,0,0,0,0,0,5,1,2006
2006-01-08,0,0,1,0,0,1,0,1,0,8,1,2006
2006-01-09,0,0,1,0,0,1,0,0,0,9,1,2006
2006-01-12,0,0,1,0,0,0,0,0,0,12,1,2006
2006-01-13,1,0,1,0,0,1,0,1,0,13,1,2006
2006-01-19,0,0,1,0,0,0,0,0,0,19,1,2006
2006-01-19,0,0,1,0,0,0,0,0,0,19,1,2006
2006-01-24,0,0,0,0,0,1,0,0,0,24,1,2006
2006-01-24,1,0,0,1,0,1,0,1,1,24,1,2006
2006-01-26,0,0,1,0,0,0,0,0,0,26,1,2006
2006-01-28,1,0,1,0,0,1,0,1,0,28,1,2006
2006-02-01,0,0,1,0,0,1,0,1,1,1,2,2006
2006-02-02,0,0,0,0,0,1,0,1,0,2,2,2006
2006-02-09,0,0,1,0,0,0,0,0,0,9,2,2006
2006-02-09,0,0,1,0,0,1,0,1,0,9,2,2006
2006-02-13,1,0,0,0,0,0,0,1,1,13,2,2006
2006-02-13,0,0,0,0,0,1,0,1,0,13,2,2006
2006-02-15,0,0,1,0,0,1,0,1,1,15,2,2006
2006-02-16,0,0,1,0,0,1,0,0,0,16,2,2006
2006-02-18,0,0,0,0,0,1,0,1,0,18,2,2006
2006-02-19,0,0,1,0,0,0,0,0,0,19,2,2006
2006-02-20,0,0,1,0,1,0,0,0,0,20,2,2006
2006-02-22,0,0,1,0,0,0,0,1,1,22,2,2006
2006-02-23,1,0,1,0,0,1,0,1,1,23,2,2006
2006-02-25,0,0,1,0,0,1,0,0,0,25,2,2006
2006-02-28,0,0,1,0,0,0,0,1,1,28,2,2006
2006-02-28,0,0,1,0,0,0,0,0,0,28,2,2006
2006-03-02,0,0,1,0,0,0,0,0,0,2,3,2006
2006-03-03,0,0,1,0,0,1,0,0,0,3,3,2006
2006-03-07,0,0,1,0,0,0,0,1,0,7,3,2006
2006-03-07,0,0,1,0,0,0,0,0,0,7,3,2006
2006-03-07,0,0,1,0,0,0,0,0,0,7,3,2006
2006-03-08,0,0,1,0,0,0,0,1,0,8,3,2006
2006-03-13,0,0,1,0,0,0,0,1,0,13,3,2006
2006-03-18,0,0,0,0,1,0,0,0,0,18,3,2006
2006-03-18,1,0,1,0,0,1,0,1,0,18,3,2006
2006-03-18,0,0,1,0,0,1,0,0,0,18,3,2006
2006-03-19,0,0,1,0,0,0,0,0,0,19,3,2006
2006-03-20,0,0,1,0,0,0,0,0,0,20,3,2006
2006-03-21,0,0,1,0,0,1,0,1,0,21,3,2006
2006-03-25,0,0,1,0,0,1,0,1,0,25,3,2006
2006-04-02,0,0,1,0,0,0,0,0,0,2,4,2006
2006-04-03,0,0,0,0,0,1,0,1,0,3,4,2006
2006-04-03,0,0,1,0,0,0,0,0,0,3,4,2006
2006-04-04,0,0,1,0,0,0,0,0,0,4,4,2006
2006-04-04,0,0,1,0,0,0,0,0,0,4,4,2006
2006-04-07,0,0,1,0,0,1,0,1,0,7,4,2006
2006-04-11,0,0,0,0,0,1,0,1,0,11,4,2006
2006-04-12,0,0,1,0,0,1,0,0,0,12,4,2006
2006-04-12,0,0,1,0,0,0,0,1,0,12,4,2006
2006-04-13,0,0,1,0,0,0,0,1,0,13,4,2006
2006-04-15,0,0,1,0,0,0,0,0,0,15,4,2006
2006-04-18,0,0,0,1,0,1,0,1,0,18,4,2006
2006-04-19,0,0,0,0,0,1,0,1,0,19,4,2006
2006-04-19,0,0,1,0,0,0,0,0,0,19,4,2006
2006-04-19,0,0,1,0,0,0,0,1,0,19,4,2006
2006-04-20,0,0,0,0,0,1,0,1,0,20,4,2006
2006-04-22,0,0,1,0,0,0,0,1,0,22,4,2006
2006-04-22,0,0,1,0,0,0,0,1,0,22,4,2006
2006-04-25,0,0,0,0,0,1,0,0,0,25,4,2006
2006-04-26,0,0,1,0,0,0,0,0,1,26,4,2006
2006-04-28,0,0,0,0,0,1,0,1,0,28,4,2006
2006-04-28,0,0,1,0,0,0,0,0,1,28,4,2006
2006-05-03,1,0,1,0,0,1,0,1,0,3,5,2006
2006-05-03,0,0,1,0,0,1,0,0,0,3,5,2006
2006-05-03,1,0,1,0,0,1,0,1,1,3,5,2006
2006-05-06,0,0,1,0,0,0,0,0,0,6,5,2006
2006-05-08,0,0,1,0,0,1,0,1,0,8,5,2006
2006-05-08,1,0,0,0,0,0,0,0,1,8,5,2006
2006-05-13,0,0,0,0,0,0,0,1,0,13,5,2006
2006-05-14,0,0,1,0,0,0,0,0,0,14,5,2006
2006-05-15,0,0,1,0,0,0,0,0,1,15,5,2006
2006-05-16,0,0,1,0,0,0,0,0,1,16,5,2006
2006-05-18,0,0,1,0,0,0,0,0,0,18,5,2006
2006-05-18,0,0,0,0,0,0,0,0,0,18,5,2006
2006-05-22,0,0,0,0,0,0,0,1,0,22,5,2006
2006-05-23,0,0,1,0,0,0,0,1,0,23,5,2006
2006-05-24,0,0,1,0,0,0,0,0,0,24,5,2006
2006-05-27,0,0,0,0,0,1,0,1,0,27,5,2006
2006-05-30,0,0,0,0,0,0,0,0,0,30,5,2006
2006-06-01,0,0,0,0,0,0,0,0,0,1,6,2006
2006-06-01,0,0,0,0,0,0,0,0,0,1,6,2006
2006-06-03,1,0,1,0,0,0,0,0,1,3,6,2006
2006-06-05,0,0,0,1,0,0,0,0,1,5,6,2006
2006-06-06,0,0,0,0,0,0,1,1,0,6,6,2006
2006-06-06,0,0,0,1,0,0,1,0,0,6,6,2006
2006-06-10,1,0,0,0,0,0,0,1,0,10,6,2006
2006-06-10,0,0,0,1,0,0,0,1,0,10,6,2006
2006-06-11,0,0,0,1,0,0,0,0,0,11,6,2006
2006-06-14,0,0,1,0,0,0,0,1,0,14,6,2006
2006-06-15,1,0,1,0,1,0,0,1,0,15,6,2006
2006-06-16,0,0,0,1,0,0,0,0,0,16,6,2006
2006-06-18,0,0,0,0,0,0,1,0,0,18,6,2006
2006-06-20,0,0,0,0,0,1,0,1,0,20,6,2006
2006-06-22,0,0,0,0,0,1,0,1,1,22,6,2006
2006-06-23,0,0,1,0,0,1,0,1,0,23,6,2006
2006-06-23,0,0,1,0,0,0,0,0,1,23,6,2006
2006-06-25,0,0,1,0,0,0,0,1,0,25,6,2006
2006-06-28,0,0,1,0,0,0,0,0,0,28,6,2006
2006-06-28,0,0,1,0,0,1,0,1,0,28,6,2006
2006-07-03,0,0,1,0,0,1,0,0,0,3,7,2006
2006-07-03,0,0,1,0,0,0,0,0,0,3,7,2006
2006-07-04,0,0,1,0,0,0,1,0,1,4,7,2006
2006-07-05,0,0,1,0,0,0,0,0,0,5,7,2006
2006-07-05,0,0,1,0,0,0,0,1,0,5,7,2006
2006-07-06,0,0,0,1,0,0,0,0,0,6,7,2006
2006-07-08,0,0,1,0,0,0,0,0,0,8,7,2006
2006-07-10,0,0,1,0,0,0,0,1,0,10,7,2006
2006-07-11,0,0,1,0,0,0,0,0,0,11,7,2006
2006-07-14,0,0,1,0,0,0,0,0,0,14,7,2006
2006-07-14,0,0,1,0,0,0,0,0,0,14,7,2006
2006-07-15,0,0,1,0,0,1,0,1,0,15,7,2006
2006-07-19,0,0,0,0,1,0,0,1,0,19,7,2006
2006-07-20,0,0,1,0,0,0,0,0,0,20,7,2006
2006-07-20,0,0,1,0,0,0,0,0,0,20,7,2006
2006-07-22,0,0,1,0,0,0,0,0,0,22,7,2006
2006-07-25,0,0,0,0,1,0,0,1,0,25,7,2006
2006-07-28,0,0,0,0,0,1,0,1,0,28,7,2006
2006-07-29,0,0,1,0,0,0,0,1,0,29,7,2006
2006-08-03,0,0,1,0,0,0,0,0,0,3,8,2006
2006-08-04,0,0,0,0,0,1,0,1,0,4,8,2006
2006-08-06,0,0,0,0,0,0,1,0,0,6,8,2006
2006-08-07,0,0,0,1,0,0,1,1,1,7,8,2006
2006-08-09,0,0,0,1,0,0,0,1,0,9,8,2006
2006-08-10,0,0,0,1,0,0,1,1,0,10,8,2006
2006-08-15,0,0,0,0,0,0,1,1,0,15,8,2006
2006-08-15,0,0,1,0,0,0,0,1,0,15,8,2006
2006-08-17,0,0,1,0,0,1,0,0,0,17,8,2006
2006-08-18,0,0,0,0,0,1,0,1,0,18,8,2006
2006-08-19,0,0,1,0,0,0,0,0,0,19,8,2006
2006-08-22,0,0,1,0,0,0,0,0,0,22,8,2006
2006-08-24,0,0,1,0,0,1,0,1,0,24,8,2006
2006-08-27,0,0,0,0,0,1,0,1,0,27,8,2006
2006-08-27,0,0,1,0,0,1,0,1,0,27,8,2006
2006-08-29,0,0,1,0,0,0,0,1,0,29,8,2006
2006-08-31,1,0,0,1,0,1,0,1,0,31,8,2006
2006-09-03,0,0,0,0,0,1,0,1,0,3,9,2006
2006-09-04,0,0,0,0,0,1,0,1,0,4,9,2006
2006-09-09,0,0,1,0,0,0,0,0,0,9,9,2006
2006-09-10,0,0,1,0,0,0,0,0,0,10,9,2006
2006-09-14,0,0,1,0,0,0,0,0,0,14,9,2006
2006-09-17,0,0,0,0,0,1,0,1,0,17,9,2006
2006-09-19,1,0,1,0,0,1,0,1,0,19,9,2006
2006-09-22,0,0,1,0,0,1,0,0,1,22,9,2006
2006-09-24,0,0,1,0,0,1,0,1,0,24,9,2006
2006-10-02,0,0,0,0,0,1,0,0,0,2,10,2006
2006-10-03,0,0,1,0,1,1,0,1,0,3,10,2006
2006-10-06,0,0,1,0,0,0,0,0,0,6,10,2006
2006-10-06,0,0,1,0,0,1,0,1,0,6,10,2006
2006-10-07,0,0,1,0,0,0,0,0,0,7,10,2006
2006-10-07,0,0,1,0,0,0,0,0,0,7,10,2006
2006-10-07,0,0,1,0,0,1,0,1,0,7,10,2006
2006-10-18,0,0,1,0,0,0,0,0,1,18,10,2006
2006-10-19,1,0,0,0,0,0,0,0,1,19,10,2006
2006-10-21,0,0,0,1,0,0,0,1,0,21,10,2006
2006-10-23,0,0,0,0,1,0,1,0,1,23,10,2006
2006-10-26,0,0,1,0,0,1,0,1,0,26,10,2006
2006-10-27,0,0,1,0,0,0,0,0,1,27,10,2006
2006-10-28,0,0,1,1,0,1,0,1,0,28,10,2006
2006-10-30,0,0,0,0,1,0,0,0,1,30,10,2006
2006-10-31,1,0,0,0,0,0,0,1,0,31,10,2006
2006-11-05,0,0,0,1,0,0,0,0,0,5,11,2006
2006-11-06,0,0,1,0,0,0,0,0,0,6,11,2006
2006-11-10,0,0,0,1,0,0,0,0,0,10,11,2006
2006-11-12,0,0,0,0,1,0,0,1,0,12,11,2006
2006-11-12,1,0,1,0,0,1,0,1,0,12,11,2006
2006-11-12,1,0,1,0,0,1,0,1,0,12,11,2006
2006-11-14,0,0,0,0,1,0,0,0,1,14,11,2006
2006-11-15,0,0,1,0,0,1,0,1,0,15,11,2006
2006-11-15,0,0,1,0,0,0,0,0,1,15,11,2006
2006-11-15,0,0,1,0,0,0,0,0,0,15,11,2006
2006-11-17,0,0,1,0,0,0,0,0,1,17,11,2006
2006-11-18,0,0,0,0,0,1,0,1,0,18,11,2006
2006-11-18,0,0,1,0,0,1,0,1,0,18,11,2006
2006-11-19,0,0,1,0,0,0,0,0,1,19,11,2006
2006-11-21,0,0,1,0,0,0,0,0,1,21,11,2006
2006-11-22,0,0,1,0,0,1,0,0,1,22,11,2006
2006-11-23,0,0,1,0,0,1,0,0,1,23,11,2006
2006-11-23,0,0,0,0,0,1,0,0,0,23,11,2006
2006-11-23,0,0,1,0,0,1,0,0,1,23,11,2006
2006-11-26,0,0,1,0,0,0,0,0,1,26,11,2006
2006-11-29,0,0,1,0,0,1,0,0,1,29,11,2006
2006-12-02,0,0,1,0,0,1,0,0,1,2,12,2006
2006-12-04,0,0,1,0,0,0,0,0,1,4,12,2006
2006-12-06,0,0,1,0,0,1,0,0,1,6,12,2006
2006-12-06,0,0,1,0,0,0,0,0,1,6,12,2006
2006-12-08,0,0,1,0,1,0,1,0,1,8,12,2006
2006-12-13,0,0,0,0,0,1,0,1,0,13,12,2006
2006-12-14,0,0,0,0,0,1,0,1,1,14,12,2006
2006-12-19,0,0,1,0,0,0,1,1,0,19,12,2006
2006-12-22,0,0,1,0,1,0,0,0,0,22,12,2006
2007-01-01,0,0,1,0,0,0,0,1,0,1,1,2007
2007-01-01,0,0,1,0,0,1,0,1,0,1,1,2007
2007-01-07,0,0,1,0,0,1,0,1,0,7,1,2007
2007-01-09,0,0,1,1,0,1,0,1,0,9,1,2007
2007-01-15,0,0,1,0,0,0,0,0,0,15,1,2007
2007-01-20,0,0,1,1,0,1,0,1,0,20,1,2007
2007-01-20,0,0,1,0,0,0,0,0,0,20,1,2007
2007-01-26,0,0,0,0,0,1,0,1,0,26,1,2007
2007-01-28,0,0,1,0,0,1,0,1,1,28,1,2007
2007-01-29,0,0,0,0,0,1,0,1,0,29,1,2007
2007-01-31,0,0,0,1,0,1,0,1,0,31,1,2007
2007-02-06,0,0,1,0,0,1,0,1,0,6,2,2007
2007-02-07,0,0,0,0,0,1,0,1,0,7,2,2007
2007-02-09,0,0,1,0,1,0,0,1,0,9,2,2007
2007-02-11,0,0,1,0,0,0,0,1,0,11,2,2007
2007-02-13,0,0,1,0,0,0,0,0,0,13,2,2007
2007-02-14,0,0,1,0,0,0,0,0,0,14,2,2007
2007-02-16,1,0,0,0,0,0,0,1,0,16,2,2007
2007-02-17,0,0,0,0,0,1,0,1,0,17,2,2007
2007-02-18,0,0,1,0,0,0,0,1,0,18,2,2007
2007-02-18,0,0,1,0,0,0,0,1,0,18,2,2007
2007-02-18,0,0,1,0,0,1,0,0,1,18,2,2007
2007-02-22,0,0,1,0,0,0,0,0,0,22,2,2007
2007-02-24,0,0,1,0,0,1,0,1,0,24,2,2007
2007-02-24,1,0,1,0,0,1,0,1,0,24,2,2007
2007-02-24,0,0,1,0,0,0,0,1,0,24,2,2007
2007-03-01,0,0,1,0,0,0,0,0,0,1,3,2007
2007-03-05,0,0,0,0,0,1,0,1,0,5,3,2007
2007-03-06,0,0,0,0,0,1,0,1,0,6,3,2007
2007-03-07,0,0,0,0,0,0,0,0,0,7,3,2007
2007-03-09,0,0,0,0,0,1,0,1,0,9,3,2007
2007-03-09,0,0,1,0,0,0,0,0,1,9,3,2007
2007-03-14,0,0,1,0,0,0,0,1,0,14,3,2007
2007-03-15,1,0,1,0,0,0,0,1,1,15,3,2007
2007-03-15,0,0,1,0,0,1,0,1,1,15,3,2007
2007-03-17,0,0,1,0,0,0,0,0,1,17,3,2007
2007-03-18,0,0,0,0,0,1,0,0,1,18,3,2007
2007-03-20,0,0,1,0,0,1,0,0,1,20,3,2007
2007-03-21,0,0,0,0,0,0,1,0,1,21,3,2007
2007-03-21,1,0,1,0,0,1,0,0,1,21,3,2007
2007-03-23,0,0,1,0,0,1,0,1,0,23,3,2007
2007-03-23,0,0,1,0,0,0,0,0,0,23,3,2007
2007-03-29,0,0,0,1,0,0,0,0,0,29,3,2007
2007-03-29,0,0,0,0,1,0,0,1,0,29,3,2007
2007-03-30,0,0,0,1,0,0,0,1,0,30,3,2007
2007-04-01,0,0,0,0,0,0,1,1,1,1,4,2007
2007-04-01,0,0,0,1,0,0,1,1,0,1,4,2007
2007-04-03,0,0,0,1,0,0,0,0,0,3,4,2007
2007-04-04,1,0,1,0,0,1,0,1,0,4,4,2007
2007-04-04,0,0,0,0,0,1,0,1,0,4,4,2007
2007-04-04,0,0,0,1,0,0,0,0,0,4,4,2007
2007-04-08,0,0,0,0,0,0,1,1,0,8,4,2007
2007-04-10,0,0,1,0,0,1,0,1,0,10,4,2007
2007-04-11,0,0,0,0,0,0,1,1,0,11,4,2007
2007-04-13,0,0,0,1,0,0,0,1,0,13,4,2007
2007-04-13,0,0,1,0,0,0,0,0,0,13,4,2007
2007-04-14,0,0,0,1,0,1,0,1,0,14,4,2007
2007-04-14,1,0,0,0,0,1,0,1,0,14,4,2007
2007-04-26,0,0,0,0,0,1,0,1,0,26,4,2007
2007-04-26,0,0,1,0,0,0,0,0,0,26,4,2007
2007-04-28,0,0,0,1,0,0,1,1,0,28,4,2007
2007-04-28,0,0,0,0,0,0,1,1,0,28,4,2007
2007-04-29,1,0,1,0,0,0,0,1,0,29,4,2007
2007-05-03,0,0,1,0,0,0,0,0,0,3,5,2007
2007-05-05,0,0,1,0,0,0,0,1,0,5,5,2007
2007-05-07,0,0,0,0,0,1,0,1,0,7,5,2007
2007-05-10,0,0,1,0,0,0,0,0,1,10,5,2007
2007-05-12,0,0,1,0,0,0,0,1,0,12,5,2007
2007-05-12,0,0,1,0,0,1,0,1,0,12,5,2007
2007-05-13,0,0,1,0,0,0,0,1,0,13,5,2007
2007-05-13,0,0,1,0,0,0,0,1,0,13,5,2007
2007-05-14,0,0,1,0,0,1,0,1,0,14,5,2007
2007-05-14,0,0,1,0,0,1,0,1,0,14,5,2007
2007-05-21,0,0,0,0,0,1,0,1,0,21,5,2007
2007-05-22,0,0,1,0,0,0,0,1,0,22,5,2007
2007-05-23,0,0,0,0,0,1,0,1,0,23,5,2007
2007-05-24,0,0,1,0,0,0,0,0,0,24,5,2007
2007-05-24,0,0,1,0,0,1,0,0,0,24,5,2007
2007-05-27,0,0,0,0,0,0,0,0,0,27,5,2007
2007-05-28,0,0,0,0,0,0,0,0,0,28,5,2007
2007-05-28,0,0,0,0,0,0,0,0,0,28,5,2007
2007-05-29,0,0,0,0,0,1,0,0,0,29,5,2007
2007-05-31,0,0,0,0,0,0,0,0,0,31,5,2007
2007-05-31,0,0,1,0,0,0,0,0,0,31,5,2007
2007-06-01,0,0,0,1,0,0,0,0,0,1,6,2007
2007-06-05,0,0,0,1,0,0,1,1,0,5,6,2007
2007-06-12,0,0,0,1,0,0,0,1,0,12,6,2007
2007-06-22,0,0,0,1,0,0,0,1,0,22,6,2007
2007-06-23,1,0,1,0,0,0,0,1,0,23,6,2007
2007-06-25,1,0,1,0,0,0,0,1,1,25,6,2007
2007-06-27,0,0,0,1,0,0,0,0,0,27,6,2007
2007-06-27,0,0,0,1,0,0,0,0,0,27,6,2007
2007-06-29,1,0,1,0,0,0,0,1,0,29,6,2007
2007-06-30,0,0,0,0,0,0,1,1,0,30,6,2007
2007-07-01,0,0,0,1,0,0,0,0,0,1,7,2007
2007-07-07,0,0,0,0,0,0,0,0,0,7,7,2007
2007-07-10,0,0,0,1,0,0,0,0,0,10,7,2007
2007-07-19,0,0,0,1,0,0,1,0,0,19,7,2007
2007-07-20,0,0,0,0,0,0,0,0,0,20,7,2007
2007-07-22,0,0,0,1,0,0,0,0,0,22,7,2007
2007-07-25,0,0,1,0,0,0,0,0,0,25,7,2007
2007-07-26,0,0,0,1,0,0,0,0,0,26,7,2007
2007-07-26,0,0,0,0,0,0,1,1,0,26,7,2007
2007-07-26,0,0,0,1,0,0,0,0,0,26,7,2007
2007-07-27,0,0,0,1,0,0,0,0,0,27,7,2007
2007-08-02,0,0,0,1,0,0,0,0,0,2,8,2007
2007-08-04,0,0,0,1,0,0,0,1,0,4,8,2007
2007-08-05,0,0,0,0,0,0,1,1,0,5,8,2007
2007-08-08,1,0,0,0,0,1,0,1,0,8,8,2007
2007-08-08,0,0,0,1,0,0,0,0,0,8,8,2007
2007-08-09,0,0,1,0,0,0,0,0,0,9,8,2007
2007-08-09,0,0,1,0,0,1,0,0,0,9,8,2007
2007-08-10,0,0,1,0,0,0,0,0,0,10,8,2007
2007-08-15,0,0,1,0,0,0,0,0,0,15,8,2007
2007-08-17,0,0,1,0,0,0,0,1,0,17,8,2007
2007-08-17,1,0,0,0,0,0,0,0,0,17,8,2007
2007-08-24,0,0,1,0,0,0,0,1,0,24,8,2007
2007-08-25,0,0,1,0,0,1,0,1,0,25,8,2007
2007-08-25,0,0,0,1,0,0,0,1,1,25,8,2007
2007-08-29,0,0,0,0,0,0,0,0,0,29,8,2007
2007-08-30,0,0,1,0,0,0,0,0,0,30,8,2007
2007-09-01,1,0,1,0,0,1,0,1,0,1,9,2007
2007-09-02,0,0,0,1,0,0,0,1,1,2,9,2007
2007-09-04,0,0,0,1,0,0,0,1,0,4,9,2007
2007-09-05,0,0,1,0,0,0,0,1,0,5,9,2007
2007-09-08,0,0,1,0,0,1,0,1,0,8,9,2007
2007-09-10,0,0,0,0,0,1,0,1,0,10,9,2007
2007-09-12,0,0,0,1,0,0,0,0,0,12,9,2007
2007-09-13,0,0,0,0,0,0,0,0,0,13,9,2007
2007-09-13,0,0,0,0,0,0,0,0,0,13,9,2007
2007-09-14,0,0,0,0,0,0,0,0,0,14,9,2007
2007-09-16,0,0,0,0,0,0,0,0,0,16,9,2007
2007-09-18,0,0,0,0,0,0,0,0,0,18,9,2007
2007-09-18,0,0,0,0,0,0,0,0,0,18,9,2007
2007-09-21,0,0,0,0,0,0,0,0,0,21,9,2007
2007-09-23,0,0,0,0,0,0,0,0,0,23,9,2007
2007-09-27,0,0,1,0,0,0,0,1,0,27,9,2007
2007-09-27,0,0,1,0,0,0,0,0,0,27,9,2007
2007-09-27,0,0,0,0,0,0,0,0,0,27,9,2007
2007-09-28,0,0,0,0,0,0,0,0,0,28,9,2007
2007-10-02,0,0,1,0,0,0,0,0,0,2,10,2007
2007-10-02,0,0,0,0,0,0,0,0,0,2,10,2007
2007-10-07,0,0,0,0,0,0,0,1,0,7,10,2007
2007-10-10,0,0,0,0,0,0,0,0,0,10,10,2007
2007-10-12,0,0,1,0,0,1,0,1,0,12,10,2007
2007-10-13,0,0,0,0,0,1,0,0,0,13,10,2007
2007-10-13,0,0,1,0,0,0,0,1,0,13,10,2007
2007-10-15,0,0,1,0,0,0,0,0,1,15,10,2007
2007-10-18,0,0,1,0,0,0,0,0,1,18,10,2007
2007-10-18,0,0,0,0,0,0,0,0,1,18,10,2007
2007-10-19,0,0,1,0,0,0,0,0,0,19,10,2007
2007-10-25,0,0,0,0,0,1,0,1,0,25,10,2007
2007-10-25,0,0,0,0,0,1,0,0,1,25,10,2007
2007-10-27,0,0,0,0,0,1,0,1,0,27,10,2007
2007-10-28,0,0,0,0,0,1,0,1,0,28,10,2007
2007-11-03,0,0,0,0,0,1,0,0,0,3,11,2007
2007-11-06,0,0,1,0,0,0,0,0,0,6,11,2007
2007-11-08,0,0,1,0,0,0,0,1,0,8,11,2007
2007-11-09,0,0,0,0,0,1,0,1,0,9,11,2007
2007-11-10,0,0,1,0,0,1,0,0,0,10,11,2007
2007-11-16,0,0,1,0,0,1,0,1,0,16,11,2007
2007-11-17,0,0,1,0,0,0,0,1,0,17,11,2007
2007-11-17,0,0,1,0,0,0,0,0,0,17,11,2007
2007-01-07,0,1,0,1,0,0,1,1,1,7,1,2007
2007-11-24,0,0,0,0,0,1,0,1,0,24,11,2007
2007-11-24,0,0,1,0,0,0,0,0,0,24,11,2007
2007-12-01,0,0,1,0,0,0,0,0,0,1,12,2007
2007-12-01,0,0,1,0,0,0,0,0,0,1,12,2007
2007-12-05,0,0,1,0,0,0,0,0,0,5,12,2007
2007-12-06,0,0,0,1,0,0,0,1,0,6,12,2007
2007-12-07,1,0,0,0,0,1,0,0,0,7,12,2007
2007-12-07,0,0,1,0,0,0,0,1,0,7,12,2007
2007-12-19,0,0,1,0,0,0,0,0,0,19,12,2007
2007-12-20,0,0,1,0,0,0,0,0,0,20,12,2007
2007-12-20,0,0,0,0,0,1,0,1,0,20,12,2007
2007-12-21,0,0,1,0,0,0,0,1,1,21,12,2007
2007-12-22,1,0,1,0,0,1,0,1,0,22,12,2007
2007-12-23,0,0,1,0,0,0,0,0,0,23,12,2007
2007-12-24,0,0,1,0,0,0,0,0,0,24,12,2007
2007-12-29,0,0,1,0,0,0,0,0,0,29,12,2007
2007-12-31,0,0,1,0,0,0,0,0,0,31,12,2007
2008-01-01,0,0,1,0,0,1,0,1,0,1,1,2008
2008-01-01,1,0,0,0,1,0,0,1,0,1,1,2008
2008-01-03,0,0,0,0,1,0,0,1,0,3,1,2008
2008-01-03,0,0,0,0,1,0,0,0,0,3,1,2008
2008-01-10,0,0,0,0,1,0,0,1,0,10,1,2008
2008-01-13,0,0,0,0,1,0,0,0,0,13,1,2008
2008-01-17,0,0,1,0,1,0,0,1,0,17,1,2008
2008-01-18,0,0,0,0,1,0,0,0,0,18,1,2008
2008-01-18,0,0,0,0,0,0,0,0,0,18,1,2008
2008-01-18,0,0,0,0,1,1,0,1,0,18,1,2008
2008-01-19,0,0,1,0,1,0,0,0,0,19,1,2008
2008-01-21,0,0,1,1,0,0,0,0,0,21,1,2008
2008-01-22,0,0,0,0,0,1,0,1,0,22,1,2008
2008-01-22,0,0,1,0,0,0,0,1,0,22,1,2008
2008-01-23,0,0,1,0,1,0,0,0,0,23,1,2008
2008-01-26,0,0,0,0,0,1,0,1,0,26,1,2008
2008-01-26,0,0,0,0,1,0,0,1,1,26,1,2008
2008-02-01,1,0,0,1,0,0,0,1,1,1,2,2008
2008-02-01,0,0,1,0,0,0,0,0,0,1,2,2008
2008-02-03,0,0,1,0,0,0,0,0,0,3,2,2008
2008-02-07,0,0,0,0,0,1,0,1,0,7,2,2008
2008-02-09,0,0,1,0,0,1,0,1,0,9,2,2008
2008-02-12,0,0,1,0,0,0,0,1,1,12,2,2008
2008-02-12,0,0,1,0,0,1,0,0,0,12,2,2008
2008-02-14,0,0,1,0,0,0,0,1,0,14,2,2008
2008-02-15,0,0,0,0,0,1,0,1,0,15,2,2008
2008-02-16,0,0,1,0,0,0,0,0,0,16,2,2008
2008-02-16,0,0,1,0,0,1,0,1,0,16,2,2008
2008-02-16,0,0,1,0,0,1,0,1,0,16,2,2008
2008-02-18,1,0,0,1,0,1,0,1,0,18,2,2008
2008-02-20,0,0,1,0,0,0,0,0,0,20,2,2008
2008-02-20,0,0,1,0,0,1,0,1,0,20,2,2008
2008-02-20,0,0,1,0,0,0,0,0,0,20,2,2008
2008-02-22,0,0,1,0,0,0,0,0,0,22,2,2008
2008-02-23,0,0,1,0,0,0,0,0,0,23,2,2008
2008-02-23,0,0,1,0,0,1,0,0,0,23,2,2008
2008-02-25,0,0,1,0,0,0,0,0,0,25,2,2008
2008-02-26,0,0,0,0,0,1,0,1,0,26,2,2008
2008-02-28,0,0,0,0,0,1,0,1,0,28,2,2008
2008-02-29,0,0,1,0,0,0,0,0,0,29,2,2008
2008-02-29,0,0,0,0,0,1,0,1,0,29,2,2008
2008-02-29,0,0,1,0,0,1,0,1,0,29,2,2008
2008-03-05,0,0,0,0,0,1,0,1,0,5,3,2008
2008-03-05,0,0,1,0,0,0,0,0,0,5,3,2008
2008-03-05,0,0,0,0,0,1,0,1,0,5,3,2008
2008-03-07,0,0,1,0,0,1,0,1,0,7,3,2008
2008-03-08,0,0,1,0,0,0,0,0,0,8,3,2008
2008-03-08,0,0,1,0,0,0,0,1,0,8,3,2008
2008-03-09,0,0,1,0,0,0,0,1,0,9,3,2008
2008-03-10,0,0,1,0,0,0,0,0,0,10,3,2008
2008-03-11,0,0,1,0,0,0,0,0,0,11,3,2008
2008-03-11,0,0,1,0,0,0,0,0,0,11,3,2008
2008-03-11,0,0,1,0,0,0,0,0,0,11,3,2008
2008-03-18,1,0,1,0,0,0,0,1,1,18,3,2008
2008-03-20,0,0,1,0,0,1,0,1,0,20,3,2008
2008-03-21,0,0,1,0,0,0,0,1,0,21,3,2008
2008-03-23,0,0,1,0,0,0,0,0,0,23,3,2008
2008-03-23,0,0,0,0,0,1,0,1,0,23,3,2008
2008-03-23,0,0,1,0,0,0,0,1,0,23,3,2008
2008-03-25,0,0,0,1,0,0,0,1,0,25,3,2008
2008-03-25,0,0,0,1,0,0,0,1,0,25,3,2008
2008-03-28,0,0,1,0,0,0,0,0,0,28,3,2008
2008-03-28,0,0,1,0,0,0,1,0,0,28,3,2008
2008-03-28,0,0,1,0,0,0,0,1,0,28,3,2008
2008-03-29,0,0,1,0,0,1,0,0,0,29,3,2008
2008-03-29,0,0,0,0,0,1,0,1,0,29,3,2008
2008-03-29,0,0,0,0,0,1,0,1,0,29,3,2008
2008-04-01,0,0,1,0,0,0,0,0,1,1,4,2008
2008-04-02,0,0,1,0,0,0,0,0,0,2,4,2008
2008-04-05,0,0,1,0,0,0,0,0,0,5,4,2008
2008-04-08,0,0,0,0,0,1,0,1,0,8,4,2008
2008-04-09,0,0,1,0,0,1,0,0,0,9,4,2008
2008-04-12,0,0,1,0,0,1,0,1,0,12,4,2008
2008-04-14,0,0,0,0,0,1,0,1,0,14,4,2008
2008-04-16,0,0,0,0,0,1,0,0,0,16,4,2008
2008-04-17,0,0,1,0,0,0,0,0,0,17,4,2008
2008-04-17,0,0,1,0,0,0,0,0,0,17,4,2008
2008-04-18,0,0,1,0,0,0,0,0,0,18,4,2008
2008-04-20,0,0,1,0,0,0,0,0,0,20,4,2008
2008-04-24,0,0,1,0,0,0,0,0,0,24,4,2008
2008-04-24,0,0,1,0,0,1,0,1,0,24,4,2008
2008-04-29,0,0,0,0,0,1,0,0,0,29,4,2008
2008-04-30,0,0,1,0,0,0,0,1,0,30,4,2008
2008-05-02,0,0,1,0,0,0,0,0,0,2,5,2008
2008-05-02,0,0,1,0,0,1,0,0,0,2,5,2008
2008-05-02,0,0,1,0,0,0,0,0,0,2,5,2008
2008-05-02,0,0,1,0,0,0,0,0,0,2,5,2008
2008-05-07,0,0,1,0,0,0,0,0,0,7,5,2008
2008-05-07,0,0,1,0,0,1,0,1,0,7,5,2008
2008-05-10,0,0,1,0,0,0,0,0,0,10,5,2008
2008-05-10,0,0,1,0,0,0,0,0,0,10,5,2008
2008-05-13,0,1,0,0,0,0,0,0,0,13,5,2008
2008-05-13,0,0,1,0,0,0,0,0,0,13,5,2008
2008-05-13,0,0,0,0,0,1,0,1,0,13,5,2008
2008-05-13,0,0,1,0,0,0,0,0,0,13,5,2008
2008-05-16,0,0,1,0,0,0,0,0,0,16,5,2008
2008-05-24,0,0,1,0,0,0,0,0,0,24,5,2008
2008-05-24,0,0,1,0,0,0,0,1,0,24,5,2008
2008-05-29,0,0,1,0,0,0,0,0,0,29,5,2008
2008-05-29,0,0,1,0,0,0,0,0,0,29,5,2008
2008-06-02,0,0,0,0,0,1,0,1,0,2,6,2008
2008-06-03,0,0,1,0,0,1,0,1,0,3,6,2008
2008-06-05,0,0,1,0,0,1,0,0,0,5,6,2008
2008-06-06,0,0,0,0,0,1,0,1,0,6,6,2008
2008-06-06,0,0,1,0,0,0,0,0,0,6,6,2008
2008-06-07,0,0,1,0,0,0,0,0,1,7,6,2008
2008-06-11,0,0,0,0,0,1,0,1,0,11,6,2008
2008-06-11,0,0,0,1,0,0,1,1,0,11,6,2008
2008-06-12,0,0,1,0,1,0,0,0,1,12,6,2008
2008-06-14,0,0,1,0,0,0,0,0,1,14,6,2008
2008-06-16,0,0,1,0,0,0,0,0,0,16,6,2008
2008-06-19,0,0,1,0,0,0,0,0,1,19,6,2008
2008-06-19,0,0,0,0,0,1,0,1,1,19,6,2008
2008-06-21,0,0,0,0,0,1,0,0,1,21,6,2008
2008-06-21,0,0,0,0,0,1,0,0,1,21,6,2008
2008-06-23,0,0,1,0,0,0,0,0,1,23,6,2008
2008-06-26,0,0,1,0,0,1,0,0,1,26,6,2008
2008-06-26,0,0,1,0,0,1,0,1,1,26,6,2008
2008-06-28,0,0,1,0,0,1,0,0,1,28,6,2008
2008-07-07,0,0,1,0,0,0,0,0,0,7,7,2008
2008-07-09,0,0,0,0,0,1,0,0,1,9,7,2008
2008-07-11,0,0,1,0,0,0,0,0,1,11,7,2008
2008-07-11,0,0,1,0,0,0,0,0,1,11,7,2008
2008-07-12,0,0,0,0,0,1,0,0,1,12,7,2008
2008-07-14,0,0,1,0,0,1,0,0,1,14,7,2008
2008-07-18,0,0,1,0,0,0,0,0,1,18,7,2008
2008-07-21,0,0,0,0,0,1,0,0,1,21,7,2008
2008-07-22,1,0,1,0,0,1,0,0,1,22,7,2008
2008-07-23,0,0,1,0,0,0,0,0,0,23,7,2008
2008-07-25,0,0,1,0,0,0,0,1,0,25,7,2008
2008-07-25,0,0,1,0,0,0,0,1,0,25,7,2008
2008-07-28,0,0,1,0,0,1,0,1,0,28,7,2008
2008-07-30,0,0,1,0,0,0,0,0,0,30,7,2008
2008-07-31,0,0,1,0,0,0,0,1,0,31,7,2008
2008-08-02,0,0,1,0,0,1,0,1,0,2,8,2008
2008-08-03,1,0,0,0,0,1,0,1,0,3,8,2008
2008-08-04,0,0,1,0,0,0,0,0,0,4,8,2008
2008-08-05,0,0,1,0,0,0,0,1,0,5,8,2008
2008-08-09,0,0,1,0,0,0,0,0,0,9,8,2008
2008-08-11,0,0,1,0,0,0,0,0,0,11,8,2008
2008-08-13,0,0,1,0,0,0,0,0,0,13,8,2008
2008-08-13,0,0,0,0,0,1,0,1,0,13,8,2008
2008-08-17,1,0,0,0,0,1,0,1,0,17,8,2008
2008-08-17,0,0,1,0,0,0,0,0,0,17,8,2008
2008-08-21,0,0,0,0,0,1,0,1,0,21,8,2008
2008-08-22,0,0,0,0,0,1,0,1,0,22,8,2008
2008-08-23,0,0,0,0,0,1,0,1,0,23,8,2008
2008-08-25,0,0,1,0,0,0,0,0,0,25,8,2008
2008-08-26,0,0,1,0,0,1,0,0,0,26,8,2008
2008-08-28,0,0,1,0,0,0,0,0,0,28,8,2008
2008-08-29,0,0,1,0,0,0,0,1,0,29,8,2008
2008-08-29,0,0,1,0,0,0,0,0,0,29,8,2008
2008-08-30,0,0,1,0,0,0,0,0,0,30,8,2008
2008-08-30,0,0,1,0,0,0,0,0,0,30,8,2008
2008-08-30,0,0,1,0,0,0,0,0,0,30,8,2008
2008-09-01,0,0,1,0,0,0,0,1,0,1,9,2008
2008-09-02,0,0,1,0,0,0,0,0,0,2,9,2008
2008-09-06,0,0,1,0,0,1,0,1,0,6,9,2008
2008-09-08,0,0,1,0,0,0,0,0,0,8,9,2008
2008-09-10,0,0,1,0,0,0,0,0,0,10,9,2008
2008-09-10,0,0,0,0,0,1,0,0,0,10,9,2008
2008-09-11,0,0,1,0,0,0,0,0,0,11,9,2008
2008-09-11,0,0,1,0,0,1,0,1,0,11,9,2008
2008-09-13,0,0,1,0,0,0,0,1,0,13,9,2008
2008-09-15,0,0,1,0,0,1,0,0,1,15,9,2008
2008-09-19,0,0,1,0,0,0,0,0,0,19,9,2008
2008-09-21,0,0,1,0,0,1,0,1,0,21,9,2008
2008-09-24,0,0,1,0,0,0,0,0,0,24,9,2008
2008-09-24,0,0,1,0,0,0,0,0,1,24,9,2008
2008-09-25,0,0,1,0,0,0,0,0,0,25,9,2008
2008-09-25,0,0,0,0,0,1,0,1,0,25,9,2008
2008-09-25,0,0,1,0,0,0,0,0,0,25,9,2008
2008-09-26,0,0,1,0,0,0,0,0,0,26,9,2008
2008-09-26,0,0,1,0,0,0,0,0,0,26,9,2008
2008-09-27,0,0,1,0,0,0,0,0,0,27,9,2008
2008-09-29,0,0,1,0,0,0,0,0,0,29,9,2008
2008-09-30,0,0,1,0,0,0,0,1,0,30,9,2008
2008-09-30,0,0,1,0,0,0,0,0,0,30,9,2008
2008-10-04,1,0,0,0,0,1,0,1,0,4,10,2008
2008-10-04,0,0,0,0,0,0,0,0,0,4,10,2008
2008-10-08,0,0,0,0,0,1,0,1,0,8,10,2008
2008-10-08,0,0,1,0,0,1,0,1,0,8,10,2008
2008-10-08,0,0,1,0,0,0,0,1,0,8,10,2008
2008-10-09,0,0,0,0,0,1,0,1,0,9,10,2008
2008-10-09,0,0,1,0,0,0,0,0,0,9,10,2008
2008-10-10,0,0,1,0,0,0,0,0,0,10,10,2008
2008-10-10,0,0,1,0,0,0,0,0,0,10,10,2008
2008-10-10,0,0,1,0,0,0,0,0,1,10,10,2008
2008-10-11,0,0,1,0,0,0,0,0,0,11,10,2008
2008-10-13,0,0,1,0,0,0,0,0,0,13,10,2008
2008-10-16,0,0,1,0,0,0,0,0,0,16,10,2008
2008-10-17,0,0,1,0,0,0,0,0,0,17,10,2008
2008-10-24,0,0,1,0,0,0,0,1,0,24,10,2008
2008-10-25,0,0,1,0,0,0,0,0,0,25,10,2008
2008-10-27,0,0,1,0,0,0,0,0,0,27,10,2008
2008-10-31,0,0,1,0,0,0,0,1,0,31,10,2008
2008-11-01,0,0,1,0,0,0,0,0,0,1,11,2008
2008-11-01,0,0,1,0,0,0,0,0,0,1,11,2008
2008-11-02,0,0,1,0,0,0,0,1,0,2,11,2008
2008-11-03,0,0,1,0,0,1,0,1,0,3,11,2008
2008-11-04,0,0,1,0,0,0,0,0,0,4,11,2008
2008-11-07,0,0,1,0,0,0,0,0,0,7,11,2008
2008-11-07,0,0,0,0,0,1,0,1,0,7,11,2008
2008-11-08,0,0,1,0,0,1,0,1,1,8,11,2008
2008-11-08,0,0,0,0,0,0,0,0,0,8,11,2008
2008-11-15,0,0,0,0,0,1,0,1,0,15,11,2008
2008-11-15,0,0,1,0,0,0,0,0,0,15,11,2008
2008-11-15,0,0,1,0,0,0,0,1,0,15,11,2008
2008-01-22,0,0,0,1,0,0,0,0,0,22,1,2008
2008-01-22,0,0,0,0,0,1,0,1,0,22,1,2008
2008-11-23,0,0,0,0,0,1,0,1,0,23,11,2008
2008-11-25,0,0,0,0,0,0,0,0,0,25,11,2008
2008-11-25,0,0,1,0,0,0,0,0,0,25,11,2008
2008-11-25,0,0,1,0,0,0,0,1,0,25,11,2008
2008-11-26,0,0,0,1,0,0,0,1,0,26,11,2008
2008-11-27,0,0,1,0,0,0,0,1,0,27,11,2008
2008-11-28,0,0,1,0,0,0,0,0,0,28,11,2008
2008-12-04,0,0,0,0,0,1,0,1,0,4,12,2008
2008-12-04,0,0,1,0,0,0,0,0,0,4,12,2008
2008-12-06,1,0,1,0,0,1,0,1,0,6,12,2008
2008-12-08,0,0,1,0,0,0,0,0,0,8,12,2008
2008-12-11,0,0,0,0,0,1,0,1,0,11,12,2008
2008-12-13,0,0,1,0,0,0,0,0,0,13,12,2008
2008-12-15,0,0,1,0,0,0,0,0,0,15,12,2008
2008-12-19,0,0,1,0,0,0,0,0,0,19,12,2008
2008-12-20,0,0,1,0,0,0,0,0,0,20,12,2008
2008-12-23,0,0,1,0,0,0,0,0,0,23,12,2008
2008-12-23,0,0,1,0,0,0,0,1,0,23,12,2008
2008-12-23,0,0,1,0,0,1,0,1,0,23,12,2008
2008-12-25,0,0,1,0,0,1,0,1,0,25,12,2008
2008-12-27,0,0,1,0,0,0,0,0,0,27,12,2008
2008-12-27,0,0,1,0,0,0,0,1,0,27,12,2008
2008-12-27,0,0,1,0,0,0,0,0,0,27,12,2008
2008-12-27,0,0,0,0,0,1,0,0,0,27,12,2008
2009-01-03,0,0,1,0,0,0,0,0,0,3,1,2009
2009-01-04,0,0,1,0,0,0,0,0,0,4,1,2009
2009-01-04,0,0,1,0,0,0,0,0,0,4,1,2009
2009-01-06,0,0,1,0,0,0,0,0,0,6,1,2009
2009-01-07,0,0,0,1,0,0,0,0,0,7,1,2009
2009-01-10,0,0,1,0,0,1,0,1,0,10,1,2009
2009-01-10,0,0,1,0,0,0,0,0,0,10,1,2009
2009-01-10,0,0,0,1,0,0,0,1,0,10,1,2009
2009-01-11,0,0,0,1,0,0,0,0,0,11,1,2009
2009-01-11,0,0,1,0,0,0,0,0,0,11,1,2009
2009-01-12,0,0,0,1,0,0,1,1,0,12,1,2009
2009-01-12,0,0,0,1,0,0,1,1,0,12,1,2009
2009-01-13,0,0,0,1,0,0,1,0,0,13,1,2009
2009-01-14,0,0,0,1,0,0,0,0,0,14,1,2009
2009-01-15,0,0,1,0,0,0,0,1,0,15,1,2009
2009-01-16,0,0,0,0,0,1,0,1,0,16,1,2009
2009-01-16,0,0,0,1,0,0,0,0,0,16,1,2009
2009-01-17,0,0,1,0,0,0,0,0,0,17,1,2009
2009-01-17,0,0,0,1,0,0,1,1,0,17,1,2009
2009-01-21,0,0,1,0,0,1,0,1,0,21,1,2009
2009-01-23,0,0,1,0,0,0,0,0,1,23,1,2009
2009-01-23,0,0,1,0,0,0,0,1,0,23,1,2009
2009-01-24,0,0,1,0,0,0,0,0,0,24,1,2009
2009-01-26,0,0,1,0,0,0,0,0,0,26,1,2009
2009-01-26,0,0,1,0,0,0,0,0,0,26,1,2009
2009-01-26,0,0,1,0,0,0,0,0,0,26,1,2009
2009-01-28,0,0,1,0,0,0,0,0,0,28,1,2009
2009-01-28,0,0,1,0,0,0,0,1,0,28,1,2009
2009-01-28,0,0,1,0,0,0,0,0,0,28,1,2009
2009-01-30,0,0,1,0,0,0,0,0,0,30,1,2009
2009-01-31,0,0,1,0,0,0,0,0,0,31,1,2009
2009-01-31,0,0,1,0,0,0,0,0,0,31,1,2009
2009-02-01,0,0,1,0,0,0,0,1,0,1,2,2009
2009-02-02,1,0,0,0,0,1,0,1,0,2,2,2009
2009-02-02,0,0,1,1,0,1,0,1,0,2,2,2009
2009-02-04,0,0,1,0,0,0,0,1,0,4,2,2009
2009-02-04,0,0,1,0,0,1,0,0,0,4,2,2009
2009-02-05,0,0,1,0,0,0,0,0,0,5,2,2009
2009-02-05,0,0,1,0,0,0,0,0,0,5,2,2009
2009-02-06,0,0,1,0,0,1,0,0,0,6,2,2009
2009-02-06,0,0,0,1,0,1,0,1,1,6,2,2009
2009-02-07,0,0,1,1,0,1,0,1,0,7,2,2009
2009-02-07,0,0,1,0,0,1,0,1,1,7,2,2009
2009-02-07,0,0,1,0,0,0,0,0,0,7,2,2009
2009-02-08,0,0,1,0,0,0,0,0,0,8,2,2009
2009-02-09,0,0,1,0,0,0,0,0,0,9,2,2009
2009-02-09,0,0,1,0,0,0,0,1,0,9,2,2009
2009-02-11,0,0,1,0,0,0,0,0,0,11,2,2009
2009-02-14,0,0,1,0,0,0,0,0,0,14,2,2009
2009-02-14,0,0,1,0,0,1,0,1,0,14,2,2009
2009-02-15,0,0,1,0,0,0,0,0,0,15,2,2009
2009-02-18,0,0,1,0,0,0,0,0,0,18,2,2009
2009-02-19,0,0,1,0,0,0,0,0,0,19,2,2009
2009-02-22,0,0,1,0,0,0,0,0,0,22,2,2009
2009-02-24,0,0,1,0,0,0,0,1,0,24,2,2009
2009-02-27,0,0,1,0,0,0,0,0,0,27,2,2009
2009-02-28,0,0,1,0,0,0,0,1,0,28,2,2009
2009-02-28,0,0,1,0,0,0,0,0,0,28,2,2009
2009-03-01,0,0,1,0,0,0,0,0,0,1,3,2009
2009-03-02,0,0,1,0,0,0,0,0,0,2,3,2009
2009-03-03,0,0,1,0,0,0,0,0,0,3,3,2009
2009-03-04,0,0,1,0,0,0,0,0,0,4,3,2009
2009-03-05,0,0,1,0,0,0,0,0,0,5,3,2009
2009-03-05,0,0,0,0,0,1,0,0,0,5,3,2009
2009-03-07,0,0,1,0,0,0,0,0,0,7,3,2009
2009-03-07,0,0,1,0,0,0,0,0,0,7,3,2009
2009-03-08,0,0,1,0,0,0,0,0,0,8,3,2009
2009-03-13,0,0,1,0,0,1,0,1,1,13,3,2009
2009-03-13,0,0,1,0,0,0,0,0,0,13,3,2009
2009-03-13,0,0,1,0,0,1,0,1,0,13,3,2009
2009-03-14,0,0,1,0,0,0,0,0,0,14,3,2009
2009-03-14,0,0,0,0,0,0,0,0,0,14,3,2009
2009-03-16,0,0,1,0,0,0,0,1,0,16,3,2009
2009-03-18,0,0,1,0,0,0,0,0,0,18,3,2009
2009-03-19,0,0,1,0,0,0,0,0,0,19,3,2009
2009-03-20,0,0,1,0,0,0,0,0,0,20,3,2009
2009-03-23,0,0,1,0,0,1,0,1,0,23,3,2009
2009-03-24,0,0,1,0,0,0,0,0,0,24,3,2009
2009-03-25,0,0,1,0,0,0,0,1,0,25,3,2009
2009-03-26,0,0,1,0,0,0,0,1,0,26,3,2009
2009-03-27,0,0,1,0,0,1,0,1,0,27,3,2009
2009-03-29,0,0,1,0,0,0,0,1,0,29,3,2009
2009-03-29,0,0,0,0,0,1,0,0,0,29,3,2009
2009-04-01,0,0,1,0,0,1,0,0,0,1,4,2009
2009-04-02,0,0,1,0,0,0,0,0,0,2,4,2009
2009-04-04,0,0,0,0,0,0,0,0,0,4,4,2009
2009-04-07,0,0,0,0,0,1,0,0,0,7,4,2009
2009-04-07,1,0,1,0,0,1,0,1,0,7,4,2009
2009-04-08,0,0,0,0,0,0,0,0,0,8,4,2009
2009-04-09,0,0,0,1,0,0,0,1,0,9,4,2009
2009-04-12,0,0,0,1,0,0,1,0,0,12,4,2009
2009-04-12,0,0,0,1,0,0,0,0,0,12,4,2009
2009-04-13,0,0,0,0,0,0,1,0,0,13,4,2009
2009-04-14,0,0,0,1,0,0,0,0,0,14,4,2009
2009-04-15,0,0,0,0,0,1,0,0,0,15,4,2009
2009-04-16,0,0,0,1,0,0,1,1,0,16,4,2009
2009-04-18,0,0,0,0,0,0,1,0,0,18,4,2009
2009-04-21,0,0,1,0,0,0,0,0,0,21,4,2009
2009-04-23,0,0,0,0,0,0,0,0,0,23,4,2009
2009-04-24,0,0,0,1,0,0,0,1,0,24,4,2009
2009-04-24,0,0,1,0,0,1,0,1,0,24,4,2009
2009-04-25,0,0,0,1,0,1,0,1,0,25,4,2009
2009-04-25,0,0,0,1,0,0,0,1,0,25,4,2009
2009-04-25,0,0,0,1,0,0,1,0,0,25,4,2009
2009-04-27,0,0,0,1,0,0,0,1,0,27,4,2009
2009-04-27,0,0,0,1,0,0,0,1,0,27,4,2009
2009-04-28,0,0,0,1,0,0,0,0,0,28,4,2009
2009-04-28,0,0,1,0,0,0,0,0,0,28,4,2009
2009-05-05,0,0,0,0,0,1,0,0,0,5,5,2009
2009-05-05,0,0,1,0,0,0,0,1,0,5,5,2009
2009-05-06,0,0,0,0,0,1,0,1,0,6,5,2009
2009-05-08,0,0,1,0,0,0,0,0,0,8,5,2009
2009-05-08,0,0,0,0,0,1,0,1,0,8,5,2009
2009-05-08,0,0,0,0,0,1,0,1,0,8,5,2009
2009-05-08,0,0,0,0,0,0,0,0,0,8,5,2009
2009-05-10,0,0,1,0,0,0,0,0,0,10,5,2009
2009-05-10,0,0,1,0,0,0,0,0,0,10,5,2009
2009-05-11,0,0,1,0,0,0,0,0,0,11,5,2009
2009-05-12,0,0,0,0,0,1,0,1,0,12,5,2009
2009-05-18,0,0,1,1,0,0,0,1,0,18,5,2009
2009-05-19,0,0,0,1,0,0,0,1,0,19,5,2009
2009-05-20,0,0,1,0,0,0,0,0,0,20,5,2009
2009-05-21,1,0,1,0,0,1,0,1,0,21,5,2009
2009-05-22,0,0,0,0,0,1,0,1,0,22,5,2009
2009-05-24,0,0,1,0,0,0,0,0,0,24,5,2009
2009-05-25,0,0,1,0,0,0,0,0,0,25,5,2009
2009-05-25,0,0,0,0,0,0,0,0,0,25,5,2009
2009-05-26,0,0,1,0,0,0,0,0,0,26,5,2009
2009-05-26,0,0,0,0,0,1,0,1,0,26,5,2009
2009-05-26,0,0,1,0,0,0,0,0,0,26,5,2009
2009-05-26,0,0,1,0,0,0,0,0,0,26,5,2009
2009-05-27,0,0,1,0,0,0,0,1,0,27,5,2009
2009-05-28,0,0,1,0,0,0,0,0,0,28,5,2009
2009-05-29,0,0,1,0,0,0,0,1,0,29,5,2009
2009-05-29,0,0,1,0,0,0,0,0,0,29,5,2009
2009-05-29,0,0,1,0,0,0,0,0,0,29,5,2009
2009-06-01,0,0,0,0,1,0,0,1,0,1,6,2009
2009-06-01,0,0,0,0,1,1,0,1,0,1,6,2009
2009-06-03,0,0,0,1,0,0,0,1,0,3,6,2009
2009-06-06,0,0,1,0,0,0,0,0,0,6,6,2009
2009-06-06,0,0,0,0,0,1,0,0,0,6,6,2009
2009-06-07,0,0,1,0,0,0,0,1,0,7,6,2009
2009-06-07,0,0,0,1,0,0,0,0,0,7,6,2009
2009-06-09,0,0,0,1,0,0,1,1,1,9,6,2009
2009-06-10,1,0,1,0,0,0,0,1,1,10,6,2009
2009-06-10,0,0,0,1,0,0,0,0,0,10,6,2009
2009-06-12,0,0,1,0,0,0,0,0,0,12,6,2009
2009-06-12,0,0,1,0,0,0,0,0,0,12,6,2009
2009-06-13,0,0,0,0,1,0,0,1,0,13,6,2009
2009-06-13,0,0,0,1,0,0,1,0,0,13,6,2009
2009-06-13,0,0,1,0,0,1,0,0,0,13,6,2009
2009-06-15,0,0,0,0,0,1,0,1,0,15,6,2009
2009-06-20,0,0,1,0,0,0,0,0,0,20,6,2009
2009-06-21,0,0,0,0,0,1,0,1,0,21,6,2009
2009-06-22,0,0,0,0,0,1,0,1,0,22,6,2009
2009-06-23,0,0,0,0,n,1,0,1,0,23,6,2009
2009-06-27,0,0,0,0,0,1,0,1,0,27,6,2009
2009-06-27,0,0,1,0,0,1,0,1,1,27,6,2009
2009-06-27,0,0,1,0,0,1,0,1,0,27,6,2009
2009-06-29,0,0,1,0,0,1,0,1,0,29,6,2009
2009-06-29,0,0,0,0,0,1,0,1,0,29,6,2009
2009-06-29,0,0,1,0,0,0,0,0,0,29,6,2009
2009-06-30,0,0,1,0,0,0,0,1,0,30,6,2009
2009-06-30,0,0,1,0,0,0,0,0,0,30,6,2009
2009-07-04,0,0,1,0,0,0,0,0,0,4,7,2009
2009-07-04,0,0,1,0,0,0,0,0,0,4,7,2009
2009-07-05,0,0,0,0,0,0,0,0,0,5,7,2009
2009-07-05,0,0,1,0,0,0,0,0,0,5,7,2009
2009-07-05,0,0,1,0,0,1,0,0,0,5,7,2009
2009-07-06,0,0,0,0,0,0,0,0,0,6,7,2009
2009-07-07,0,0,0,0,0,1,0,1,0,7,7,2009
2009-07-11,0,0,1,0,1,0,0,0,0,11,7,2009
2009-07-13,0,0,0,0,0,0,0,0,0,13,7,2009
2009-07-19,0,0,1,0,0,0,0,1,0,19,7,2009
2009-07-23,0,0,1,0,0,0,0,0,0,23,7,2009
2009-07-23,0,0,0,0,0,0,0,1,0,23,7,2009
2009-07-25,0,0,0,0,0,0,0,1,0,25,7,2009
2009-07-25,0,0,1,0,0,0,0,1,0,25,7,2009
2009-07-26,0,0,0,0,0,0,0,1,0,26,7,2009
2009-07-28,0,0,0,0,0,0,0,1,0,28,7,2009
2009-07-29,0,0,1,0,0,0,0,0,0,29,7,2009
2009-07-29,0,0,1,1,0,0,0,1,0,29,7,2009
2009-08-03,0,0,1,0,0,1,0,1,0,3,8,2009
2009-08-03,0,0,1,0,0,0,0,0,0,3,8,2009
2009-08-07,0,0,1,0,0,0,0,0,0,7,8,2009
2009-08-11,0,0,1,0,0,0,0,0,0,11,8,2009
2009-08-13,0,0,1,0,0,1,0,1,0,13,8,2009
2009-08-14,0,0,1,0,0,1,0,1,0,14,8,2009
2009-08-18,0,0,1,0,0,0,0,0,1,18,8,2009
2009-08-20,0,0,1,0,0,1,0,1,0,20,8,2009
2009-08-22,0,0,1,0,0,0,0,0,0,22,8,2009
2009-08-23,0,0,1,0,0,0,0,0,0,23,8,2009
2009-08-25,0,0,0,0,0,0,0,1,0,25,8,2009
2009-08-29,0,0,1,0,0,0,0,0,0,29,8,2009
2009-09-01,0,0,1,0,0,0,0,1,0,1,9,2009
2009-09-02,0,0,1,0,0,0,0,0,0,2,9,2009
2009-09-05,0,0,1,0,0,1,0,1,0,5,9,2009
2009-09-07,1,0,1,0,0,0,0,1,0,7,9,2009
2009-09-09,0,0,1,0,0,0,0,1,1,9,9,2009
2009-09-11,0,0,1,0,0,0,0,0,0,11,9,2009
2009-09-11,0,0,1,0,0,0,0,0,0,11,9,2009
2009-09-12,0,0,1,0,0,0,0,1,0,12,9,2009
2009-09-12,1,0,1,0,0,1,0,1,0,12,9,2009
2009-09-12,0,0,0,1,0,1,0,1,0,12,9,2009
2009-09-13,0,0,1,0,0,1,0,1,0,13,9,2009
2009-09-16,0,0,0,0,0,1,1,1,0,16,9,2009
2009-09-17,0,0,1,0,0,0,0,0,0,17,9,2009
2009-09-19,0,0,1,0,0,0,0,1,0,19,9,2009
2009-09-19,0,0,1,0,0,1,0,1,0,19,9,2009
2009-09-20,0,0,0,0,0,1,0,1,0,20,9,2009
2009-09-20,0,0,1,0,0,0,0,0,0,20,9,2009
2009-09-23,0,0,0,0,0,1,0,1,0,23,9,2009
2009-09-24,0,0,0,0,0,1,0,1,0,24,9,2009
2009-09-24,0,0,0,0,0,1,0,1,0,24,9,2009
2009-09-27,0,0,1,0,0,0,0,1,0,27,9,2009
2009-09-28,0,0,1,0,0,0,0,1,0,28,9,2009
2009-09-30,0,0,0,1,0,0,0,1,0,30,9,2009
2009-10-01,0,0,1,0,0,0,0,1,0,1,10,2009
2009-10-02,0,0,1,0,0,0,0,0,0,2,10,2009
2009-10-03,0,0,1,0,0,0,0,0,0,3,10,2009
2009-10-03,0,0,0,0,0,0,0,0,0,3,10,2009
2009-10-03,0,0,1,0,0,1,0,0,0,3,10,2009
2009-10-03,0,0,0,0,0,0,0,0,0,3,10,2009
2009-10-04,0,0,0,0,0,0,0,0,0,4,10,2009
2009-10-07,0,0,1,0,0,0,0,0,0,7,10,2009
2009-10-08,0,0,0,0,0,0,0,0,0,8,10,2009
2009-10-09,0,0,0,0,0,0,0,0,0,9,10,2009
2009-10-09,0,0,0,0,0,0,0,0,0,9,10,2009
2009-10-12,0,0,0,0,0,0,0,0,0,12,10,2009
2009-10-15,0,0,0,0,0,0,0,0,0,15,10,2009
2009-10-16,0,0,0,0,0,1,0,1,0,16,10,2009
2009-10-18,0,0,0,0,0,0,0,0,0,18,10,2009
2009-10-18,0,0,0,0,0,0,0,0,0,18,10,2009
2009-10-18,0,0,0,0,0,0,0,1,0,18,10,2009
2009-10-20,0,0,0,0,0,0,0,0,0,20,10,2009
2009-10-22,0,0,0,0,0,0,0,0,0,22,10,2009
2009-10-23,0,0,0,0,0,0,0,0,0,23,10,2009
2009-10-27,0,0,0,0,0,0,0,0,0,27,10,2009
2009-10-27,0,0,0,0,0,1,0,0,0,27,10,2009
2009-10-28,1,0,0,0,0,1,0,0,1,28,10,2009
2009-10-29,0,0,0,0,0,1,0,0,0,29,10,2009
2009-10-29,0,0,1,0,0,0,0,1,0,29,10,2009
2009-10-30,0,0,0,0,0,1,0,0,0,30,10,2009
2009-10-30,0,0,0,0,0,1,0,1,0,30,10,2009
2009-10-30,0,0,0,0,0,1,0,1,0,30,10,2009
2009-10-31,0,0,1,0,0,0,0,1,0,31,10,2009
2009-11-02,0,0,0,0,0,0,0,0,1,2,11,2009
2009-11-06,0,0,1,0,0,0,0,1,1,6,11,2009
2009-11-07,0,0,1,0,0,0,0,0,0,7,11,2009
2009-11-09,0,0,1,0,0,1,0,1,0,9,11,2009
2009-11-12,0,0,1,0,0,0,0,1,0,12,11,2009
2009-11-12,0,0,1,0,0,0,0,0,0,12,11,2009
2009-11-13,0,0,1,0,0,0,0,1,1,13,11,2009
2009-11-13,1,0,0,1,0,1,0,1,0,13,11,2009
2009-11-14,0,0,1,0,0,0,0,0,0,14,11,2009
2009-11-15,0,0,1,0,0,0,0,0,0,15,11,2009
2009-11-17,0,0,1,0,0,0,0,1,0,17,11,2009
2009-11-24,1,0,0,0,0,1,0,1,1,24,11,2009
2009-11-26,0,0,1,0,0,0,0,0,0,26,11,2009
2009-11-27,0,0,1,0,0,1,0,1,0,27,11,2009
2009-11-28,0,0,0,0,0,1,0,1,0,28,11,2009
2009-11-29,0,0,0,1,0,0,0,0,1,29,11,2009
2009-11-30,0,0,0,1,0,0,0,0,0,30,11,2009
2009-12-01,0,0,0,0,0,0,1,1,0,1,12,2009
2009-12-02,0,0,0,1,0,0,0,0,0,2,12,2009
2009-12-04,0,0,0,0,0,0,1,1,1,4,12,2009
2009-12-05,0,0,0,1,0,0,0,0,0,5,12,2009
2009-12-05,0,0,0,1,0,0,0,0,0,5,12,2009
2009-12-05,0,0,0,0,1,0,0,1,0,5,12,2009
2009-12-05,0,0,0,1,0,0,0,1,0,5,12,2009
2009-12-06,0,0,0,0,0,0,1,1,0,6,12,2009
2009-12-06,0,0,0,1,0,0,1,1,0,6,12,2009
2009-12-08,0,0,0,1,0,0,0,0,0,8,12,2009
2009-12-10,0,0,0,1,0,0,0,0,0,10,12,2009
2009-12-19,0,0,0,0,1,0,1,1,0,19,12,2009
2009-12-19,0,0,0,1,0,0,0,0,0,19,12,2009
2009-12-21,0,0,0,0,0,0,1,1,0,21,12,2009
2009-12-22,0,0,0,1,0,0,0,0,0,22,12,2009
2009-12-24,0,0,0,0,0,0,1,1,0,24,12,2009
2009-12-26,0,0,0,1,0,0,1,1,0,26,12,2009
2009-12-26,0,0,0,1,0,0,0,0,0,26,12,2009
2009-12-27,0,0,0,0,0,0,0,0,0,27,12,2009
2009-12-28,0,0,0,1,0,0,0,1,0,28,12,2009
2009-12-30,0,0,0,0,0,0,0,0,0,30,12,2009
2009-12-31,0,0,0,0,0,0,0,0,0,31,12,2009
2009-12-31,0,0,1,0,0,0,0,0,0,31,12,2009
2010-01-01,0,0,0,0,0,0,0,0,1,1,1,2010
2010-01-01,0,0,0,0,0,0,0,0,0,1,1,2010
2010-01-01,0,0,1,0,1,0,0,1,0,1,1,2010
2010-01-03,0,0,0,0,0,1,0,1,0,3,1,2010
2010-01-03,0,0,1,0,0,0,0,0,0,3,1,2010
2010-01-10,0,0,1,0,0,0,0,0,0,10,1,2010
2010-01-12,0,0,1,0,0,0,0,0,0,12,1,2010
2010-01-14,0,0,1,0,0,0,0,0,0,14,1,2010
2010-01-16,0,0,1,0,0,0,0,0,0,16,1,2010
2010-01-17,0,0,0,0,0,1,0,0,0,17,1,2010
2010-01-22,0,0,1,0,0,0,0,0,0,22,1,2010
2010-01-26,0,0,1,0,0,0,0,0,0,26,1,2010
2010-01-26,0,0,1,0,0,0,0,0,0,26,1,2010
2010-01-28,1,0,0,0,0,0,0,1,0,28,1,2010
2010-01-29,0,0,1,0,0,0,0,0,0,29,1,2010
2010-01-30,0,0,0,0,0,0,0,0,0,30,1,2010
2010-01-31,0,0,0,0,0,1,0,1,0,31,1,2010
2010-02-05,0,0,1,0,0,0,0,0,0,5,2,2010
2010-02-07,0,0,1,0,0,0,0,1,0,7,2,2010
2010-02-07,0,0,1,0,0,0,0,0,0,7,2,2010
2010-02-09,0,0,0,0,0,0,0,0,0,9,2,2010
2010-02-11,0,0,0,0,0,0,0,0,0,11,2,2010
2010-02-11,0,0,0,0,0,0,0,0,0,11,2,2010
2010-02-11,0,0,1,0,0,0,0,0,0,11,2,2010
2010-02-13,0,0,1,0,0,0,0,0,0,13,2,2010
2010-02-13,0,0,0,0,0,0,0,0,0,13,2,2010
2010-02-15,0,0,0,0,0,0,0,0,0,15,2,2010
2010-02-20,0,0,1,0,0,0,0,0,1,20,2,2010
2010-02-20,0,0,0,0,0,0,0,0,0,20,2,2010
2010-02-23,0,0,1,0,0,0,1,1,0,23,2,2010
2010-02-27,0,0,1,0,0,0,0,0,0,27,2,2010
2010-03-02,0,0,1,0,0,0,0,0,0,2,3,2010
2010-03-05,0,0,0,0,0,0,0,0,0,5,3,2010
2010-03-06,0,0,1,0,0,0,0,0,0,6,3,2010
2010-03-06,0,0,0,0,0,0,0,0,0,6,3,2010
2010-03-08,1,0,1,0,0,0,0,0,0,8,3,2010
2010-03-08,0,0,0,0,0,0,0,0,0,8,3,2010
2010-03-13,0,0,0,0,0,0,0,0,0,13,3,2010
2010-03-14,1,0,0,0,1,0,0,1,0,14,3,2010
2010-03-14,0,0,0,0,0,0,1,0,0,14,3,2010
2010-03-14,0,0,1,0,0,0,0,0,0,14,3,2010
2010-03-16,0,0,1,0,0,0,0,1,0,16,3,2010
2010-03-18,0,0,1,0,0,0,0,0,0,18,3,2010
2010-03-20,0,0,1,0,0,0,0,0,0,20,3,2010
2010-03-21,1,0,0,0,0,0,0,0,1,21,3,2010
2010-03-21,0,0,1,0,0,0,0,1,0,21,3,2010
2010-03-22,0,0,0,0,0,1,0,0,0,22,3,2010
2010-03-26,0,0,1,0,0,0,0,0,0,26,3,2010
2010-03-26,0,0,0,1,0,0,0,1,0,26,3,2010
2010-03-28,0,0,1,0,0,0,0,1,0,28,3,2010
2010-03-29,0,0,0,0,0,0,0,0,0,29,3,2010
2010-03-30,1,0,0,0,0,0,0,0,0,30,3,2010
2010-03-31,0,0,1,0,0,0,0,0,0,31,3,2010
2010-04-02,0,0,1,0,0,0,0,0,0,2,4,2010
2010-04-04,0,0,0,1,0,0,0,1,0,4,4,2010
2010-04-07,0,0,1,0,0,0,0,0,0,7,4,2010
2010-04-08,0,0,1,0,0,0,0,1,0,8,4,2010
2010-04-08,0,0,1,0,0,0,0,0,1,8,4,2010
2010-04-08,0,0,1,0,0,0,0,0,0,8,4,2010
2010-04-12,0,0,1,0,0,0,0,0,0,12,4,2010
2010-04-13,0,0,1,0,0,0,0,0,0,13,4,2010
2010-04-18,1,0,0,0,0,0,0,0,0,18,4,2010
2010-04-18,1,0,1,0,0,1,0,1,0,18,4,2010
2010-04-18,0,0,0,0,1,1,0,1,0,18,4,2010
2010-04-21,0,0,0,0,0,0,0,0,0,21,4,2010
2010-04-22,0,0,0,1,0,0,0,1,0,22,4,2010
2010-04-23,0,0,0,0,0,0,0,0,0,23,4,2010
2010-04-26,1,0,0,0,0,1,0,1,0,26,4,2010
2010-04-26,0,0,0,1,0,0,0,0,0,26,4,2010
2010-04-28,0,0,0,1,0,0,1,1,0,28,4,2010
2010-04-28,0,0,0,0,0,0,0,1,1,28,4,2010
2010-05-01,0,0,0,1,0,0,0,1,0,1,5,2010
2010-05-02,0,0,0,1,0,0,0,1,0,2,5,2010
2010-05-03,0,0,0,1,0,0,0,0,1,3,5,2010
2010-05-04,0,0,0,1,0,0,0,0,0,4,5,2010
2010-05-07,0,0,0,1,0,0,0,1,0,7,5,2010
2010-05-08,0,0,1,0,0,0,0,1,0,8,5,2010
2010-05-08,0,0,1,0,0,0,0,1,0,8,5,2010
2010-05-09,0,0,0,0,0,0,0,0,0,9,5,2010
2010-05-14,0,0,0,0,0,0,1,1,0,14,5,2010
2010-05-17,0,0,0,1,0,0,0,0,1,17,5,2010
2010-05-21,0,0,1,0,0,0,0,1,0,21,5,2010
2010-05-22,0,0,0,1,0,0,0,0,0,22,5,2010
2010-05-23,0,0,1,0,1,0,0,1,0,23,5,2010
2010-05-29,0,0,0,1,0,0,0,0,0,29,5,2010
2010-05-30,0,0,1,0,0,0,0,0,0,30,5,2010
2010-05-30,0,0,1,0,0,0,0,0,0,30,5,2010
2010-05-30,0,0,0,1,0,0,0,0,0,30,5,2010
2010-06-03,0,0,0,1,0,0,0,0,0,3,6,2010
2010-06-04,0,0,0,1,0,0,0,0,0,4,6,2010
2010-06-04,0,0,0,0,0,0,0,0,0,4,6,2010
2010-06-04,0,0,0,1,0,0,0,0,0,4,6,2010
2010-06-05,0,0,0,0,0,0,0,0,0,5,6,2010
2010-06-06,0,0,0,1,0,0,0,0,0,6,6,2010
2010-06-06,0,0,0,1,0,0,0,0,0,6,6,2010
2010-06-08,0,0,0,1,0,0,0,0,0,8,6,2010
2010-06-09,0,0,0,0,0,0,0,0,0,9,6,2010
2010-06-09,0,0,0,1,0,0,0,1,0,9,6,2010
2010-06-10,0,0,0,1,0,0,0,0,0,10,6,2010
2010-06-13,0,0,0,1,0,0,0,0,0,13,6,2010
2010-06-17,0,0,0,0,0,0,1,1,0,17,6,2010
2010-06-18,0,0,0,1,0,0,0,0,0,18,6,2010
2010-06-19,0,0,0,0,0,0,1,1,0,19,6,2010
2010-06-19,0,0,0,1,0,0,0,0,0,19,6,2010
2010-06-19,0,0,1,0,0,0,0,0,0,19,6,2010
2010-06-20,0,0,0,0,0,0,0,1,0,20,6,2010
2010-06-22,0,0,0,1,0,0,0,1,0,22,6,2010
2010-06-24,0,0,0,1,0,0,0,1,0,24,6,2010
2010-06-24,0,0,0,1,0,0,0,1,0,24,6,2010
2010-06-24,0,0,0,0,0,0,0,1,0,24,6,2010
2010-06-24,0,0,0,0,0,0,1,1,0,24,6,2010
2010-06-27,0,0,0,0,0,0,1,1,0,27,6,2010
2010-06-27,0,0,0,1,0,0,0,0,0,27,6,2010
2010-06-27,0,0,0,0,0,0,1,1,0,27,6,2010
2010-06-29,0,0,0,0,0,0,0,0,0,29,6,2010
2010-06-29,0,0,0,1,0,0,0,0,0,29,6,2010
2010-06-30,0,0,0,1,0,0,0,0,0,30,6,2010
2010-07-03,0,0,0,0,0,0,0,0,0,3,7,2010
2010-07-03,0,0,0,0,0,0,1,1,0,3,7,2010
2010-07-04,0,0,0,0,0,0,1,1,0,4,7,2010
2010-07-04,0,0,0,0,0,0,0,1,0,4,7,2010
2010-07-04,0,0,0,1,0,0,0,1,0,4,7,2010
2010-07-08,0,0,0,0,0,0,1,1,0,8,7,2010
2010-07-09,0,0,0,1,0,0,1,1,0,9,7,2010
2010-07-11,0,0,0,0,0,0,0,0,0,11,7,2010
2010-07-13,0,0,0,1,0,0,1,1,0,13,7,2010
2010-07-13,0,0,0,1,0,0,0,1,0,13,7,2010
2010-07-14,0,0,0,0,0,0,0,1,0,14,7,2010
2010-07-17,0,0,0,1,0,0,0,0,0,17,7,2010
2010-07-21,0,0,0,0,0,0,1,0,0,21,7,2010
2010-07-22,0,0,1,0,0,0,0,0,0,22,7,2010
2010-07-24,0,0,0,0,0,0,0,0,0,24,7,2010
2010-07-24,0,0,0,1,0,0,0,1,0,24,7,2010
2010-07-24,0,0,1,0,0,0,0,0,0,24,7,2010
2010-07-24,0,0,1,0,0,0,0,0,0,24,7,2010
2010-07-24,0,0,1,0,0,0,0,1,0,24,7,2010
2010-07-26,0,0,1,0,0,1,0,1,0,26,7,2010
2010-07-27,0,0,1,0,0,0,0,0,0,27,7,2010
2010-07-28,0,0,1,0,0,0,0,0,0,28,7,2010
2010-07-29,0,0,0,0,0,1,0,1,0,29,7,2010
2010-07-31,0,0,1,0,0,0,0,0,0,31,7,2010
2010-08-01,0,0,0,0,0,1,0,1,0,1,8,2010
2010-08-03,1,0,0,0,0,0,0,1,0,3,8,2010
2010-08-05,0,0,1,0,0,0,0,0,0,5,8,2010
2010-08-08,0,0,1,0,0,0,0,0,0,8,8,2010
2010-08-09,0,0,1,0,0,0,0,1,0,9,8,2010
2010-08-09,0,0,1,0,0,0,0,0,0,9,8,2010
2010-08-10,0,0,1,0,0,1,0,0,0,10,8,2010
2010-08-11,0,0,1,0,0,0,0,0,0,11,8,2010
2010-08-12,1,0,1,0,0,1,0,1,0,12,8,2010
2010-08-15,0,0,0,1,0,0,0,1,0,15,8,2010
2010-08-17,0,0,1,0,0,0,0,0,0,17,8,2010
2010-08-17,0,0,0,0,0,0,1,1,0,17,8,2010
2010-08-17,0,0,0,0,1,0,0,1,0,17,8,2010
2010-08-18,1,0,1,0,0,1,0,1,0,18,8,2010
2010-08-18,0,0,0,1,0,0,0,1,0,18,8,2010
2010-08-21,0,0,0,0,0,0,0,0,0,21,8,2010
2010-08-23,0,0,0,1,0,0,0,0,0,23,8,2010
2010-08-25,0,0,0,1,0,0,1,1,0,25,8,2010
2010-08-31,0,0,0,0,0,0,0,0,0,31,8,2010
2010-09-01,0,0,0,0,0,0,1,0,0,1,9,2010
2010-09-02,0,0,0,1,0,0,0,1,0,2,9,2010
2010-09-04,0,0,0,1,0,0,0,1,0,4,9,2010
2010-09-04,0,0,0,1,0,0,0,0,0,4,9,2010
2010-09-07,0,0,0,0,0,1,0,1,0,7,9,2010
2010-09-09,0,0,0,1,0,0,0,1,0,9,9,2010
2010-09-10,0,0,0,0,0,1,0,0,1,10,9,2010
2010-09-10,0,0,0,1,0,0,0,0,0,10,9,2010
2010-09-14,0,0,1,0,0,0,0,0,1,14,9,2010
2010-09-16,0,0,0,1,0,0,0,0,0,16,9,2010
2010-09-16,0,0,0,1,0,0,0,0,0,16,9,2010
2010-09-16,0,0,0,1,0,0,0,0,0,16,9,2010
2010-09-17,0,0,0,1,0,0,0,0,0,17,9,2010
2010-09-17,0,0,0,1,0,0,0,0,0,17,9,2010
2010-09-19,0,0,1,0,0,0,0,0,0,19,9,2010
2010-09-19,0,0,1,0,0,0,0,0,0,19,9,2010
2010-09-20,0,0,1,0,0,0,0,0,0,20,9,2010
2010-09-21,0,0,1,0,0,0,0,0,0,21,9,2010
2010-09-22,0,0,1,0,0,0,0,0,0,22,9,2010
2010-09-24,0,0,1,0,0,0,0,1,0,24,9,2010
2010-09-25,0,0,0,0,0,0,0,0,0,25,9,2010
2010-09-25,0,0,1,0,0,0,0,0,0,25,9,2010
2010-09-28,0,0,0,0,0,0,0,1,0,28,9,2010
2010-09-29,0,0,1,0,0,0,0,0,0,29,9,2010
2010-10-01,0,0,1,0,0,0,0,0,0,1,10,2010
2010-10-01,0,0,1,0,0,0,0,0,0,1,10,2010
2010-10-03,0,0,1,0,0,0,0,1,0,3,10,2010
2010-10-06,0,0,1,0,0,0,0,0,1,6,10,2010
2010-10-10,0,0,0,0,1,0,0,1,0,10,10,2010
2010-10-10,0,0,1,0,0,0,0,1,0,10,10,2010
2010-10-10,0,0,1,0,0,0,0,1,0,10,10,2010
2010-10-14,0,0,1,0,0,0,0,0,0,14,10,2010
2010-10-16,0,0,1,0,0,0,0,0,0,16,10,2010
2010-10-16,0,0,1,0,0,0,0,0,1,16,10,2010
2010-10-18,0,0,1,0,0,0,1,1,0,18,10,2010
2010-10-19,0,0,0,0,0,0,0,1,0,19,10,2010
2010-10-21,0,0,0,1,0,0,1,1,0,21,10,2010
2010-10-21,0,0,0,1,0,0,0,1,0,21,10,2010
2010-10-21,0,0,0,1,0,0,0,0,0,21,10,2010
2010-10-22,0,0,0,1,0,0,0,0,0,22,10,2010
2010-10-22,0,0,0,0,0,0,0,1,0,22,10,2010
2010-10-22,1,0,0,0,0,0,0,1,0,22,10,2010
2010-10-22,0,0,0,1,0,0,0,0,0,22,10,2010
2010-10-23,1,0,0,0,0,1,0,1,0,23,10,2010
2010-10-25,0,0,0,1,0,0,0,0,0,25,10,2010
2010-10-26,0,0,0,1,0,0,0,0,0,26,10,2010
2010-10-26,1,0,0,0,0,1,0,1,0,26,10,2010
2010-10-26,0,0,0,1,0,0,0,0,0,26,10,2010
2010-10-28,0,0,0,1,0,0,0,1,0,28,10,2010
2010-10-28,0,0,0,0,0,0,0,0,0,28,10,2010
2010-10-28,0,0,0,1,0,0,0,1,0,28,10,2010
2010-10-29,0,0,1,0,0,0,0,0,0,29,10,2010
2010-10-29,0,0,0,1,0,0,0,0,0,29,10,2010
2010-10-30,1,0,0,0,0,1,0,1,0,30,10,2010
2010-11-01,0,0,1,0,0,0,0,0,0,1,11,2010
2010-11-02,0,0,0,0,0,0,0,0,0,2,11,2010
2010-11-07,0,0,0,0,0,0,0,0,0,7,11,2010
2010-11-08,0,0,1,0,0,0,0,0,0,8,11,2010
2010-11-11,0,0,0,1,0,0,0,0,0,11,11,2010
2010-11-13,0,0,0,1,0,0,0,0,0,13,11,2010
2010-11-13,0,0,0,0,0,0,1,1,0,13,11,2010
2010-11-16,0,0,0,1,0,0,1,1,0,16,11,2010
2010-11-17,0,0,0,0,0,0,0,0,0,17,11,2010
2010-11-19,0,0,0,0,0,0,1,1,0,19,11,2010
2010-11-19,0,0,0,0,0,0,0,1,0,19,11,2010
2010-11-21,0,0,0,0,0,0,0,0,0,21,11,2010
2010-11-21,1,0,1,0,1,0,0,0,0,21,11,2010
2010-11-23,0,0,0,1,0,0,0,0,0,23,11,2010
2010-11-24,0,0,0,1,0,0,0,0,1,24,11,2010
2010-11-28,1,0,0,0,0,0,0,0,1,28,11,2010
2010-11-30,0,0,0,1,0,0,0,0,0,30,11,2010
2010-11-30,0,0,0,1,0,0,0,0,0,30,11,2010
2010-11-30,0,0,0,1,0,0,0,0,0,30,11,2010
2010-12-04,0,0,0,1,0,0,0,0,0,4,12,2010
2010-12-07,0,0,0,0,0,0,0,0,0,7,12,2010
2010-12-07,0,0,0,1,0,0,0,0,0,7,12,2010
2010-12-07,1,0,0,1,0,0,0,0,0,7,12,2010
2010-12-10,0,0,0,1,0,0,0,0,0,10,12,2010
2010-12-10,0,0,0,1,0,0,0,0,0,10,12,2010
2010-12-11,0,0,0,0,0,0,0,0,0,11,12,2010
2010-12-11,0,0,0,1,0,0,1,1,0,11,12,2010
2010-12-13,0,0,0,1,0,0,0,0,0,13,12,2010
2010-12-13,0,0,0,1,0,0,0,0,0,13,12,2010
2010-12-17,0,0,0,0,0,0,0,0,0,17,12,2010
2010-12-21,0,0,0,1,0,0,0,1,0,21,12,2010
2010-12-22,0,0,0,1,0,0,0,1,0,22,12,2010
2010-12-28,0,0,0,0,0,0,1,1,0,28,12,2010
2010-12-28,0,0,0,0,0,0,1,0,1,28,12,2010
